EMP_ID,Location,Lat,Long,Distance_to_cover(kms),Possible_nearest_station,distance_to_station(kms),home_to_office(minutes),home_to_station(walk),home_to_station(bus),home_to_station(minutes),station_to_workplace(kms),station_to_workplace(minutes),total_time
JNJMED_1,Hamburg-Altona,53.55993428306022,9.925852070964863,15.0,Altona,1.07,300.0,21.4,2.1,10.1,15.73,27.0,54.1
JNJMED_2,Hamburg-Altona,53.562953770762014,9.97569089569224,14.22,U S Sternschanze,0.66,284.4,13.2,1.3,13.2,14.12,24.2,54.4
JNJMED_3,Hamburg-Altona,53.54531693250553,9.922975891291523,16.62,Altona,1.09,332.4,21.8,2.2,10.2,15.73,27.0,54.2
JNJMED_4,Hamburg-Altona,53.581584256310144,9.953023041874587,12.28,Lutterothstraße,0.36,245.6,7.2,0.7,7.2,12.29,21.1,45.3
JNJMED_5,Hamburg-Altona,53.5406105122813,9.94627680130758,16.86,Altona,1.47,337.2,29.4,2.9,10.9,15.73,27.0,54.9
JNJMED_6,Hamburg-Altona,53.54073164614375,9.916028107392892,17.23,Altona,1.78,344.6,35.6,3.6,11.6,15.73,27.0,55.6
JNJMED_7,Hamburg-Altona,53.55483924543132,9.872601592660263,16.72,Bahrenfeld,2.57,334.4,51.4,5.1,13.1,14.51,24.9,55.0
JNJMED_8,Hamburg-Altona,53.51550164334974,9.91313137412277,20.0,Altona,4.31,400.0,86.2,8.6,16.6,15.73,27.0,60.6
JNJMED_9,Hamburg-Altona,53.529743377593306,9.939427419977855,18.12,Altona,2.49,362.4,49.8,5.0,13.0,15.73,27.0,57.0
JNJMED_10,Hamburg-Altona,53.531839518489576,9.887630888959942,18.72,Altona,3.86,374.4,77.2,7.7,15.7,15.73,27.0,59.7
JNJMED_11,Hamburg-Altona,53.57931297537843,9.923226710985404,12.97,Stellingen,1.2,259.4,24.0,2.4,10.4,11.94,20.5,47.9
JNJMED_12,Hamburg-Altona,53.55135056409375,9.887257554413596,16.69,Bahrenfeld,2.21,333.8,44.2,4.4,12.4,14.51,24.9,54.3
JNJMED_13,Hamburg-Altona,53.53911234550949,9.933327677691295,17.16,Altona,1.44,343.2,28.8,2.9,10.9,15.73,27.0,54.9
JNJMED_14,Hamburg-Altona,53.52698012845155,9.94127094055037,18.41,Altona,2.82,368.2,56.4,5.6,13.6,15.73,27.0,57.6
JNJMED_15,Hamburg-Altona,53.53798722620162,9.921249187506202,17.44,Altona,1.81,348.8,36.2,3.6,11.6,15.73,27.0,55.6
JNJMED_16,Hamburg-Altona,53.53796586775541,9.985568345535269,17.0,U Baumwall,0.77,340.0,15.4,1.5,15.4,16.32,28.0,60.4
JNJMED_17,Hamburg-Altona,53.54973005550524,9.898268672131325,16.61,Bahrenfeld,2.13,332.2,42.6,4.3,12.3,14.51,24.9,54.2
JNJMED_18,Hamburg-Altona,53.56645089824206,9.893374690500869,14.98,Bahrenfeld,0.73,299.6,14.6,1.5,14.6,14.51,24.9,56.5
JNJMED_19,Hamburg-Altona,53.554177271900095,9.871209896283606,16.83,Bahrenfeld,2.69,336.6,53.8,5.4,13.4,14.51,24.9,55.3
JNJMED_20,Hamburg-Altona,53.52343627902203,9.935905837076074,18.85,Altona,3.18,377.0,63.6,6.4,14.4,15.73,27.0,58.4
JNJMED_21,Hamburg-Altona,53.56476933159991,9.9351410484357,14.33,Altona,1.42,286.6,28.4,2.8,10.8,15.73,27.0,54.8
JNJMED_22,Hamburg-Altona,53.54768703435223,9.92096688913232,16.4,Altona,1.05,328.0,21.0,2.1,10.1,15.73,27.0,54.1
JNJMED_23,Hamburg-Altona,53.520429560192646,9.90840467374816,19.54,Altona,3.93,390.8,78.6,7.9,15.9,15.73,27.0,59.9
JNJMED_24,Hamburg-Altona,53.5407872245808,9.961713666786569,16.73,U S Landungsbrücken,0.84,334.6,16.8,1.7,16.8,16.07,27.5,61.3
JNJMED_25,Hamburg-Altona,53.55687236579136,9.877108795339115,16.39,Bahrenfeld,2.2,327.8,44.0,4.4,12.4,14.51,24.9,54.3
JNJMED_26,Hamburg-Altona,53.55648167938789,9.91844753158751,15.49,Altona,1.21,309.8,24.2,2.4,10.4,15.73,27.0,54.4
JNJMED_27,Hamburg-Altona,53.536461559993874,9.948350288665226,17.3,U S Landungsbrücken,1.82,346.0,36.4,3.6,11.6,16.07,27.5,56.1
JNJMED_28,Hamburg-Altona,53.57061999044991,9.957938403573486,13.45,U Christuskirche,0.47,269.0,9.4,0.9,9.4,13.54,23.2,49.6
JNJMED_29,Hamburg-Eimsbüttel,53.55821564953555,9.940723628724465,14.98,Altona,0.79,299.6,15.8,1.6,15.8,15.73,27.0,59.8
JNJMED_30,Hamburg-Eimsbüttel,53.58162526862807,9.97926635381367,12.14,U Hoheluftbrücke,0.42,242.8,8.4,0.8,8.4,12.51,21.4,46.8
JNJMED_31,Hamburg-Eimsbüttel,53.5654165152431,9.944430230700084,14.15,Eimsbüttel / Osterstraße,1.31,283.0,26.2,2.6,10.6,12.86,22.0,49.6
JNJMED_32,Hamburg-Eimsbüttel,53.552873300519884,9.91411380127758,15.96,Altona,1.39,319.2,27.8,2.8,10.8,15.73,27.0,54.8
JNJMED_33,Hamburg-Eimsbüttel,53.591250516447886,9.990687200857124,11.09,U Kellinghusenstraße,0.3,221.8,6.0,0.6,6.0,11.38,19.5,42.5
JNJMED_34,Hamburg-Eimsbüttel,53.57355979756839,9.98010598693676,13.04,U Hoheluftbrücke,0.59,260.8,11.8,1.2,11.8,12.51,21.4,50.2
JNJMED_35,Hamburg-Eimsbüttel,53.58223272050096,9.930646407361843,12.52,Lutterothstraße,1.12,250.4,22.4,2.2,10.2,12.29,21.1,48.3
JNJMED_36,Hamburg-Eimsbüttel,53.58222791211017,9.99614109699398,12.12,U Klosterstern,0.58,242.4,11.6,1.2,11.6,12.08,20.7,49.3
JNJMED_37,Hamburg-Eimsbüttel,53.57428347921781,9.99693930967442,13.0,U Klosterstern,1.09,260.0,21.8,2.2,10.2,12.08,20.7,47.9
JNJMED_38,Hamburg-Eimsbüttel,53.52260509791821,9.974657075131256,18.71,U Baumwall,2.42,374.2,48.4,4.8,12.8,16.32,28.0,57.8
JNJMED_39,Hamburg-Eimsbüttel,53.57674094136477,9.941029779486025,12.95,Eimsbüttel / Osterstraße,0.67,259.0,13.4,1.3,13.4,12.86,22.0,52.4
JNJMED_40,Hamburg-Eimsbüttel,53.57683521553072,9.890372932561972,14.01,Bahrenfeld,1.28,280.2,25.6,2.6,10.6,14.51,24.9,52.5
JNJMED_41,Hamburg-Eimsbüttel,53.570606562243256,9.960713377145352,13.43,U Christuskirche,0.3,268.6,6.0,0.6,6.0,13.54,23.2,46.2
JNJMED_42,Hamburg-Eimsbüttel,53.60455788089483,9.93445189345179,10.06,U Hagenbecks Tierpark,1.37,201.2,27.4,2.7,10.7,11.09,19.0,46.7
JNJMED_43,Hamburg-Eimsbüttel,53.55883012794214,9.934947288692465,14.98,Altona,0.76,299.6,15.2,1.5,15.2,15.73,27.0,59.2
JNJMED_44,Hamburg-Eimsbüttel,53.593308042354046,9.95986253328979,10.93,Lokstedt,0.91,218.6,18.2,1.8,18.2,10.03,17.2,52.4
JNJMED_45,Hamburg-Eimsbüttel,53.56440479592466,9.9653980229934,14.09,U S Sternschanze,0.05,281.8,1.0,0.1,1.0,14.12,24.2,42.2
JNJMED_46,Hamburg-Eimsbüttel,53.576941550986966,9.979059349715984,12.66,U Hoheluftbrücke,0.24,253.2,4.8,0.5,4.8,12.51,21.4,43.2
JNJMED_47,Hamburg-Eimsbüttel,53.56095893812245,9.940170135602068,14.69,Altona,1.05,293.8,21.0,2.1,10.1,15.73,27.0,54.1
JNJMED_48,Hamburg-Eimsbüttel,53.56715783693736,9.906094551556036,14.61,Bahrenfeld,0.22,292.2,4.4,0.4,4.4,14.51,24.9,46.3
JNJMED_49,Hamburg-Eimsbüttel,53.580922405541294,9.957831658165397,12.31,Eimsbüttel / Osterstraße,0.66,246.2,13.2,1.3,13.2,12.86,22.0,52.2
JNJMED_50,Hamburg-Eimsbüttel,53.57510226913285,9.942962385998744,13.1,Eimsbüttel / Osterstraße,0.57,262.0,11.4,1.1,11.4,12.86,22.0,50.4
JNJMED_51,Hamburg-Eimsbüttel,53.54669258515899,9.937380640317038,16.28,Altona,0.61,325.6,12.2,1.2,12.2,15.73,27.0,56.2
JNJMED_52,Hamburg-Eimsbüttel,53.568145709669466,9.92593168192335,14.11,Bahrenfeld,1.47,282.2,29.4,2.9,10.9,14.51,24.9,52.8
JNJMED_53,Hamburg-Eimsbüttel,53.57177428576668,9.962121525704436,13.29,U Christuskirche,0.32,265.8,6.4,0.6,6.4,13.54,23.2,46.6
JNJMED_54,Hamburg-Eimsbüttel,53.61272371802421,9.955237334384954,8.84,Niendorf Markt,0.67,176.8,13.4,1.3,13.4,8.28,14.2,44.6
JNJMED_55,Hamburg-Eimsbüttel,53.58015100781446,9.947766622527014,12.49,Lutterothstraße,0.21,249.8,4.2,0.4,4.2,12.29,21.1,42.3
JNJMED_56,Hamburg-Eimsbüttel,53.53662457569402,9.949204583736522,17.27,U S Landungsbrücken,1.76,345.4,35.2,3.5,11.5,16.07,27.5,56.0
JNJMED_57,Hamburg-Wandsbek,53.57650460419882,10.149397263374558,16.92,Rahlstedt,3.11,338.4,62.2,6.2,14.2,14.99,25.7,56.9
JNJMED_58,Hamburg-Wandsbek,53.57145278070438,10.084546420270009,14.95,Wandsbek Markt,1.12,299.0,22.4,2.2,10.2,14.56,25.0,52.2
JNJMED_59,Hamburg-Wandsbek,53.57460576460589,10.040439658871414,13.51,Hasselbrook,1.01,270.2,20.2,2.0,10.0,14.5,24.9,51.9
JNJMED_60,Hamburg-Wandsbek,53.5981564562903,10.098057990980603,12.9,Wandsbek-Gartenstadt,1.63,258.0,32.6,3.3,11.3,12.61,21.6,49.900000000000006
JNJMED_61,Hamburg-Wandsbek,53.59112063894086,10.048218376356155,11.95,Habichtstraße,0.39,239.0,7.8,0.8,7.8,11.8,20.2,45.0
JNJMED_62,Hamburg-Wandsbek,53.60335588621872,10.033444468116231,10.33,U Alsterdorf,1.45,206.6,29.0,2.9,10.9,9.53,16.3,44.2
JNJMED_63,Hamburg-Wandsbek,53.587037141876,10.1412136687743,15.68,Rahlstedt,2.11,313.6,42.2,4.2,12.2,14.99,25.7,54.9
JNJMED_64,Hamburg-Wandsbek,53.555489273497386,10.058511068111915,15.91,U Hammer Kirche,0.26,318.2,5.2,0.5,5.2,15.82,27.1,49.300000000000004
JNJMED_65,Hamburg-Wandsbek,53.57729302730175,10.060395730376516,13.68,Wandsbek Markt,0.89,273.6,17.8,1.8,17.8,14.56,25.0,59.8
JNJMED_66,Hamburg-Wandsbek,53.54428673137868,10.07755688924418,17.51,U Legienstraße,1.35,350.2,27.0,2.7,10.7,17.87,30.6,58.3
JNJMED_67,Hamburg-Wandsbek,53.55405392572548,10.089707772919056,16.83,U Legienstraße,1.04,336.6,20.8,2.1,10.1,17.87,30.6,57.7
JNJMED_68,Hamburg-Wandsbek,53.55691151531532,10.121998032150524,17.59,Billstedt,1.95,351.8,39.0,3.9,11.9,18.57,31.8,60.7
JNJMED_69,Hamburg-Wandsbek,53.55963493415327,10.06583815451383,15.64,Burgstraße,0.52,312.8,10.4,1.0,10.4,16.11,27.6,55.0
JNJMED_70,Hamburg-Wandsbek,53.59157034434739,10.03857407050698,11.68,Barmbek,0.54,233.6,10.8,1.1,10.8,12.18,20.9,48.7
JNJMED_71,Hamburg-Wandsbek,53.57984919869208,10.114714282628473,15.2,Wandsbek-Gartenstadt,2.95,304.0,59.0,5.9,13.9,12.61,21.6,52.5
JNJMED_72,Hamburg-Wandsbek,53.54315033530877,10.08103901575597,17.72,U Legienstraße,1.15,354.4,23.0,2.3,10.3,17.87,30.6,57.900000000000006
JNJMED_73,Hamburg-Wandsbek,53.58049765588497,10.09895468615332,14.55,Wandsbek-Gartenstadt,2.04,291.0,40.8,4.1,12.1,12.61,21.6,50.7
JNJMED_74,Hamburg-Wandsbek,53.55056098578244,10.035886301607473,16.02,Berliner Tor,0.22,320.4,4.4,0.4,4.4,15.8,27.1,48.5
JNJMED_75,Hamburg-Wandsbek,53.585738831312334,10.084409540196996,13.55,Wandsbek-Gartenstadt,0.95,271.0,19.0,1.9,19.0,12.61,21.6,57.6
JNJMED_76,Hamburg-Wandsbek,53.58030985700692,10.08589344628491,14.12,Wandsbek-Gartenstadt,1.51,282.4,30.2,3.0,11.0,12.61,21.6,49.6
JNJMED_77,Hamburg-Wandsbek,53.56169950556843,10.08246761091483,15.86,Burgstraße,1.37,317.2,27.4,2.7,10.7,16.11,27.6,55.3
JNJMED_78,Hamburg-Wandsbek,53.58116144946597,10.054069457459208,13.12,Barmbek,1.01,262.4,20.2,2.0,10.0,12.18,20.9,47.9
JNJMED_79,Hamburg-Wandsbek,53.61261549022289,10.089714987627351,11.3,Farmsen,2.01,226.0,40.2,4.0,12.0,13.06,22.4,51.4
JNJMED_80,Hamburg-Wandsbek,53.55147393005595,10.095196608259014,17.25,U Legienstraße,0.62,345.0,12.4,1.2,12.4,17.87,30.6,60.0
JNJMED_81,Hamburg-Wandsbek,53.555806366595455,10.099112538112273,16.94,U Legienstraße,1.09,338.8,21.8,2.2,10.2,17.87,30.6,57.8
JNJMED_82,Hamburg-Wandsbek,53.59847191158015,10.050879530449448,11.27,Habichtstraße,0.54,225.4,10.8,1.1,10.8,11.8,20.2,48.0
JNJMED_83,Hamburg-Wandsbek,53.59456752258488,10.087883427808094,12.84,Wandsbek-Gartenstadt,0.85,256.8,17.0,1.7,17.0,12.61,21.6,55.6
JNJMED_84,Hamburg-Wandsbek,53.59174120319989,10.132403789479618,14.9,Farmsen,1.9,298.0,38.0,3.8,11.8,13.06,22.4,51.2
JNJMED_85,Hamburg-Barmbek,53.58209223767994,10.022387915069276,12.4,U Saarlandstraße,0.94,248.0,18.8,1.9,18.8,11.92,20.4,56.2
JNJMED_86,Hamburg-Barmbek,53.569209711407495,10.020525691451036,13.78,U Mundsburg,0.45,275.6,9.0,0.9,9.0,13.79,23.6,49.6
JNJMED_87,Hamburg-Barmbek,53.58545796581172,10.0552345592445,12.71,Barmbek,0.8,254.2,16.0,1.6,16.0,12.18,20.9,53.9
JNJMED_88,Hamburg-Barmbek,53.592533815986606,10.06981549747108,12.42,Wandsbek-Gartenstadt,0.38,248.4,7.6,0.8,7.6,12.61,21.6,46.2
JNJMED_89,Hamburg-Barmbek,53.58726003783756,10.08860602231472,13.55,Wandsbek-Gartenstadt,1.04,271.0,20.8,2.1,10.1,12.61,21.6,48.7
JNJMED_90,Hamburg-Barmbek,53.58170686333524,10.126605074997688,15.51,Farmsen,2.82,310.2,56.4,5.6,13.6,13.06,22.4,53.0
JNJMED_91,Hamburg-Barmbek,53.599513346955305,10.019285273307512,10.47,Winterhude / Hudtwalckerstraße,0.58,209.4,11.6,1.2,11.6,10.9,18.7,47.3
JNJMED_92,Hamburg-Barmbek,53.56558215003878,10.059474172457296,14.87,Hasselbrook,0.76,297.4,15.2,1.5,15.2,14.5,24.9,57.099999999999994
JNJMED_93,Hamburg-Barmbek,53.582530744293486,10.066420014822762,13.31,Wandsbek-Gartenstadt,1.25,266.2,25.0,2.5,10.5,12.61,21.6,49.1
JNJMED_94,Hamburg-Barmbek,53.59646475249147,10.042815132620294,11.27,Habichtstraße,0.7,225.4,14.0,1.4,14.0,11.8,20.2,51.2
JNJMED_95,Hamburg-Barmbek,53.57006412563864,9.999554583259425,13.48,Dammtor,1.21,269.6,24.2,2.4,10.4,14.47,24.8,52.2
JNJMED_96,Hamburg-Barmbek,53.578069700958665,10.070691963829704,13.88,Wandsbek Markt,0.85,277.6,17.0,1.7,17.0,14.56,25.0,59.0
JNJMED_97,Hamburg-Barmbek,53.59128187488261,10.00762783663864,11.21,Winterhude / Hudtwalckerstraße,0.64,224.2,12.8,1.3,12.8,10.9,18.7,48.5
JNJMED_98,Hamburg-Barmbek,53.59046361851703,10.056559521391865,12.24,Habichtstraße,0.46,244.8,9.2,0.9,9.2,11.8,20.2,46.4
JNJMED_99,Hamburg-Barmbek,53.56932285127598,10.049611753178366,14.26,Hasselbrook,0.3,285.2,6.0,0.6,6.0,14.5,24.9,47.9
JNJMED_100,Hamburg-Barmbek,53.58816417436892,10.01071089106508,11.58,Winterhude / Hudtwalckerstraße,0.8,231.6,16.0,1.6,16.0,10.9,18.7,51.7
JNJMED_101,Hamburg-Barmbek,53.59415574720697,10.061823535791047,12.01,Habichtstraße,0.64,240.2,12.8,1.3,12.8,11.8,20.2,50.0
JNJMED_102,Hamburg-Barmbek,53.60866102486351,10.076614061561049,11.12,Wandsbek-Gartenstadt,1.81,222.4,36.2,3.6,11.6,12.61,21.6,50.2
JNJMED_103,Hamburg-Barmbek,53.55944661264086,10.016865248802546,14.8,U Lohmühlenstraße,0.34,296.0,6.8,0.7,6.8,15.12,25.9,49.699999999999996
JNJMED_104,Hamburg-Barmbek,53.597300705344175,10.060413578527369,11.66,Habichtstraße,0.68,233.2,13.6,1.4,13.6,11.8,20.2,50.8
JNJMED_105,Hamburg-Barmbek,53.597300953726126,10.160581944719642,15.8,Rahlstedt,0.88,316.0,17.6,1.8,17.6,14.99,25.7,60.3
JNJMED_106,Hamburg-Harburg,53.471417810213865,10.014066969205418,24.51,Harburg,2.28,490.2,45.6,4.6,12.6,26.14,44.8,74.4
JNJMED_107,Hamburg-Harburg,53.47908003526987,9.999541737539174,23.59,Harburg,2.63,471.8,52.6,5.3,13.3,26.14,44.8,75.1
JNJMED_108,Hamburg-Harburg,53.4536946151072,10.0027690766148,26.42,Harburg,0.78,528.4,15.6,1.6,15.6,26.14,44.8,77.4
JNJMED_109,Hamburg-Harburg,53.44454349570925,9.9728954417978,27.4,Harburg,1.77,548.0,35.4,3.5,11.5,26.14,44.8,73.3
JNJMED_110,Hamburg-Harburg,53.45029272904342,9.98245622418159,26.76,Harburg,0.87,535.2,17.4,1.7,17.4,26.14,44.8,79.19999999999999
JNJMED_111,Hamburg-Harburg,53.50629317133347,9.923982044222248,20.86,Altona,5.14,417.2,102.8,10.3,18.3,15.73,27.0,62.3
JNJMED_112,Hamburg-Harburg,53.47372520380749,9.93161852386431,24.37,Harburg,4.45,487.4,89.0,8.9,16.9,26.14,44.8,78.69999999999999
JNJMED_113,Hamburg-Harburg,53.45056136268421,10.012668517909022,26.81,Harburg,1.52,536.2,30.4,3.0,11.0,26.14,44.8,72.8
JNJMED_114,Hamburg-Harburg,53.46128560038191,9.94766765666212,25.63,Harburg,2.98,512.6,59.6,6.0,14.0,26.14,44.8,75.8
JNJMED_115,Hamburg-Harburg,53.4456939258148,10.00038793246804,27.3,Harburg,1.28,546.0,25.6,2.6,10.6,26.14,44.8,72.4
JNJMED_116,Hamburg-Harburg,53.44539266736566,9.98649375768746,27.3,Harburg,1.22,546.0,24.4,2.4,10.4,26.14,44.8,72.19999999999999
JNJMED_117,Hamburg-Harburg,53.46091143679808,9.960451989571826,25.61,Harburg,2.14,512.2,42.8,4.3,12.3,26.14,44.8,74.1
JNJMED_118,Hamburg-Harburg,53.50287888178651,9.99901757066954,20.94,U Überseequartier,4.2,418.8,84.0,8.4,16.4,16.74,28.7,62.099999999999994
JNJMED_119,Hamburg-Harburg,53.41949714826685,9.985593629443084,30.19,Harburg,4.07,603.8,81.4,8.1,16.1,26.14,44.8,77.9
JNJMED_120,Norderstedt,53.69566427070463,10.009573000043886,1.99,Norderstedt Richtweg,0.98,39.8,19.6,2.0,19.6,1.34,2.3,38.900000000000006
JNJMED_121,Norderstedt,53.69304958523134,9.980557906755992,0.26,Norderstedt Garstedt,1.13,5.2,22.6,2.3,10.3,0.94,1.6,5.2
JNJMED_122,Norderstedt,53.71899974557961,10.009972655825104,3.7,Norderstedt Harksheide,0.43,74.0,8.6,0.9,8.6,3.28,5.6,31.2
JNJMED_123,Norderstedt,53.684894071858885,9.973964962924772,0.78,Garstedt,1.1,15.6,22.0,2.2,10.2,0.94,1.6,15.6
JNJMED_124,Norderstedt,53.69940109377678,9.964400123022788,1.44,Norderstedt Mitte,2.02,28.8,40.4,4.0,12.0,1.93,3.3,28.8
JNJMED_125,Norderstedt,53.744209084805625,9.99614945132883,6.04,Norderstedt Harksheide,3.3,120.8,66.0,6.6,14.6,3.28,5.6,37.2
JNJMED_126,Norderstedt,53.6836823209133,10.011535858411644,2.19,Ochsenzoll,0.95,43.8,19.0,1.9,19.0,2.0,3.4,39.4
JNJMED_127,Norderstedt,53.75134312394025,10.014973957816537,7.12,Norderstedt Harksheide,4.03,142.4,80.6,8.1,16.1,3.28,5.6,38.7
JNJMED_128,Norderstedt,53.67851260068092,9.969472977814013,1.54,Garstedt,1.56,30.8,31.2,3.1,11.1,0.94,1.6,29.7
JNJMED_129,Norderstedt,53.73423822298373,9.962769916031435,4.99,Norderstedt Harksheide,3.64,99.8,72.8,7.3,15.3,3.28,5.6,37.9
JNJMED_130,Norderstedt,53.717776388562925,10.00723902160288,3.49,Norderstedt Harksheide,0.27,69.8,5.4,0.5,5.4,3.28,5.6,28.0
JNJMED_131,Norderstedt,53.69036139056844,9.982214239318148,0.11,Norderstedt Garstedt,0.83,2.2,16.6,1.7,16.6,0.94,1.6,2.2
JNJMED_132,Norderstedt,53.644074653198615,9.953268370759972,5.49,Niendorf Markt,2.87,109.8,57.4,5.7,13.7,8.28,14.2,44.9
JNJMED_133,Norderstedt,53.70384863697214,9.946566504541057,2.68,Norderstedt Mitte,3.05,53.6,61.0,6.1,14.1,1.93,3.3,34.4
JNJMED_134,Norderstedt,53.74154822607864,9.94109575866118,6.23,Quickborn,2.75,124.6,55.0,5.5,13.5,6.89,11.8,42.3
JNJMED_135,Norderstedt,53.70009911026606,9.987922217318582,1.15,Norderstedt Richtweg,0.53,23.0,10.6,1.1,10.6,1.34,2.3,23.0
JNJMED_136,Norderstedt,53.73772546578133,9.940924135464616,5.85,Quickborn,2.6,117.0,52.0,5.2,13.2,6.89,11.8,42.0
JNJMED_137,Norderstedt,53.7321632750431,9.984306991830588,4.62,Norderstedt Harksheide,2.43,92.4,48.6,4.9,12.9,3.28,5.6,35.5
JNJMED_138,Norderstedt,53.68926982697904,9.997863104227898,1.15,Norderstedt Garstedt,0.61,23.0,12.2,1.2,12.2,0.94,1.6,23.0
JNJMED_139,Norderstedt,53.71288119391147,9.965993493685236,2.65,Norderstedt Mitte,1.89,53.0,37.8,3.8,11.8,1.93,3.3,32.1
JNJMED_140,Norderstedt,53.7102960416998,9.972440592094149,2.25,Norderstedt Mitte,1.4,45.0,28.0,2.8,10.8,1.93,3.3,31.1
JNJMED_141,Norderstedt,53.71117034690503,10.00386392023563,2.75,Norderstedt Harksheide,0.54,55.0,10.8,1.1,10.8,3.28,5.6,33.4
JNJMED_142,Norderstedt,53.740620336322905,9.946865535035194,5.99,Quickborn,3.07,119.8,61.4,6.1,14.1,6.89,11.8,42.9
JNJMED_143,Norderstedt,53.75156066749312,9.925437366014323,7.69,Quickborn,2.65,153.8,53.0,5.3,13.3,6.89,11.8,42.1
JNJMED_144,Norderstedt,53.705864298099286,10.001649516194536,2.19,Norderstedt Mitte,0.6,43.8,12.0,1.2,12.0,1.93,3.3,32.3
JNJMED_145,Norderstedt,53.7145198373547,9.965319014405384,2.84,Norderstedt Mitte,2.01,56.8,40.2,4.0,12.0,1.93,3.3,32.3
JNJMED_146,Norderstedt,53.70473755499285,9.969209971960234,1.73,Norderstedt Mitte,1.56,34.6,31.2,3.1,11.1,1.93,3.3,31.4
JNJMED_147,Norderstedt,53.69711270486111,10.00948806291063,2.04,Norderstedt Richtweg,0.93,40.8,18.6,1.9,18.6,1.34,2.3,37.900000000000006
JNJMED_148,Norderstedt,53.7160403097193,9.96321271214218,3.05,Norderstedt Mitte,2.21,61.0,44.2,4.4,12.4,1.93,3.3,32.7
JNJMED_149,Norderstedt,53.726891997508666,9.993218985626298,4.11,Norderstedt Harksheide,1.6,82.2,32.0,3.2,11.2,3.28,5.6,33.8
JNJMED_150,Norderstedt,53.72515724237678,10.002888865257708,4.11,Norderstedt Harksheide,1.13,82.2,22.6,2.3,10.3,3.28,5.6,32.9
JNJMED_151,Norderstedt,53.69232009978156,9.96719456879409,0.9,Garstedt,1.76,18.0,35.2,3.5,11.5,0.94,1.6,18.0
JNJMED_152,Norderstedt,53.72384587210247,10.002311107963004,3.96,Norderstedt Harksheide,1.01,79.2,20.2,2.0,10.0,3.28,5.6,32.6
JNJMED_153,Norderstedt,53.70848196812072,9.987519821499264,2.03,Norderstedt Mitte,0.4,40.6,8.0,0.8,8.0,1.93,3.3,28.3
JNJMED_154,Norderstedt,53.73445329791577,9.966252858334926,4.96,Norderstedt Harksheide,3.47,99.2,69.4,6.9,14.9,3.28,5.6,37.5
JNJMED_155,Norderstedt,53.7198419476234,9.977934220426985,3.25,Norderstedt Mitte,1.77,65.0,35.4,3.5,11.5,1.93,3.3,31.8
JNJMED_156,Quickborn,53.72894637593546,9.932963305559616,5.29,Quickborn,2.02,105.8,40.4,4.0,12.0,6.89,11.8,40.8
JNJMED_157,Quickborn,53.74980832697976,9.92440528908002,7.55,Quickborn,2.45,151.0,49.0,4.9,12.9,6.89,11.8,41.7
JNJMED_158,Quickborn,53.759409576143085,9.900630115248983,9.29,Quickborn,3.06,185.8,61.2,6.1,14.1,6.89,11.8,42.9
JNJMED_159,Quickborn,53.7469390594259,9.890691997302197,8.63,Quickborn,1.85,172.6,37.0,3.7,11.7,6.89,11.8,40.5
JNJMED_160,Quickborn,53.73978332704977,9.89609570836897,7.81,Quickborn,0.98,156.2,19.6,2.0,19.6,6.89,11.8,48.400000000000006
JNJMED_161,Quickborn,53.73523991929986,9.917854710763107,6.46,Quickborn,1.07,129.2,21.4,2.1,10.1,6.89,11.8,38.9
JNJMED_162,Quickborn,53.71693558633533,9.962771618270564,3.15,Norderstedt Mitte,2.29,63.0,45.8,4.6,12.6,1.93,3.3,32.9
JNJMED_163,Quickborn,53.71317965237001,9.863574341616369,8.12,Quickborn,3.32,162.4,66.4,6.6,14.6,6.89,11.8,43.4
JNJMED_164,Quickborn,53.75646221747,9.923749880818889,8.23,Quickborn,3.07,164.6,61.4,6.1,14.1,6.89,11.8,42.9
JNJMED_165,Quickborn,53.74578239634104,9.91885036527793,7.36,Quickborn,1.88,147.2,37.6,3.8,11.8,6.89,11.8,40.6
JNJMED_166,Quickborn,53.73305506454306,9.873082368855425,8.52,Quickborn,1.96,170.4,39.2,3.9,11.9,6.89,11.8,40.7
JNJMED_167,Quickborn,53.73481609116387,9.879685148654636,8.28,Quickborn,1.55,165.6,31.0,3.1,11.1,6.89,11.8,39.9
JNJMED_168,Quickborn,53.75280239466836,9.895588278554936,8.9,Quickborn,2.37,178.0,47.4,4.7,12.7,6.89,11.8,41.5
JNJMED_169,Quickborn,53.71679005606415,9.89035842475041,6.63,Quickborn,1.87,132.6,37.4,3.7,11.7,6.89,11.8,40.5
JNJMED_170,Quickborn,53.74155862908551,9.883088263415882,8.57,Quickborn,1.68,171.4,33.6,3.4,11.4,6.89,11.8,40.2
JNJMED_171,Quickborn,53.71685559208867,9.907310616344756,5.65,Quickborn,1.7,113.0,34.0,3.4,11.4,6.89,11.8,40.2
JNJMED_172,Quickborn,53.73819933142217,9.884791704738866,8.24,Quickborn,1.37,164.8,27.4,2.7,10.7,6.89,11.8,39.5
JNJMED_173,Quickborn,53.72387923388764,9.90696149812073,6.11,Quickborn,0.94,122.2,18.8,1.9,18.8,6.89,11.8,47.6
JNJMED_174,Quickborn,53.704338313170055,9.857776086768704,8.25,Quickborn,4.27,165.0,85.4,8.5,16.5,6.89,11.8,45.3
JNJMED_175,Quickborn,53.71893111557496,9.893596585448645,6.55,Quickborn,1.56,131.0,31.2,3.1,11.1,6.89,11.8,39.9
JNJMED_176,Quickborn,53.73951815131196,9.944260686508487,5.94,Quickborn,2.87,118.8,57.4,5.7,13.7,6.89,11.8,42.5
JNJMED_177,Pinneberg,53.67715319246404,9.795201844101095,12.34,Pinneberg,2.51,246.8,50.2,5.0,13.0,12.76,21.9,51.9
JNJMED_178,Pinneberg,53.659619675841945,9.769924119060866,14.35,Pinneberg,1.9,287.0,38.0,3.8,11.8,12.76,21.9,50.7
JNJMED_179,Pinneberg,53.65962973728015,9.791340240832396,12.98,Pinneberg,0.69,259.6,13.8,1.4,13.8,12.76,21.9,52.7
JNJMED_180,Pinneberg,53.66645437120676,9.775183071693432,13.84,Pinneberg,1.97,276.8,39.4,3.9,11.9,12.76,21.9,50.8
JNJMED_181,Pinneberg,53.67038693028482,9.845982167390078,9.18,Rellingen,2.06,183.6,41.2,4.1,12.1,9.46,16.2,45.3
JNJMED_182,Pinneberg,53.65782479703086,9.81205135166297,11.72,Pinneberg,1.03,234.4,20.6,2.1,10.1,12.76,21.9,49.0
JNJMED_183,Pinneberg,53.67380287983422,9.787963385843426,12.87,Pinneberg,2.23,257.4,44.6,4.5,12.5,12.76,21.9,51.4
JNJMED_184,Pinneberg,53.6644818496362,9.800377772023454,12.26,Pinneberg,1.12,245.2,22.4,2.2,10.2,12.76,21.9,49.099999999999994
JNJMED_185,Pinneberg,53.66195352197097,9.776809706484336,13.84,Pinneberg,1.59,276.8,31.8,3.2,11.2,12.76,21.9,50.099999999999994
JNJMED_186,Pinneberg,53.660490203485175,9.814939948737363,11.45,Pinneberg,1.33,229.0,26.6,2.7,10.7,12.76,21.9,49.599999999999994
JNJMED_187,Pinneberg,53.689022872155896,9.828778124782556,10.03,Pinneberg,4.36,200.6,87.2,8.7,16.7,12.76,21.9,55.599999999999994
JNJMED_188,Pinneberg,53.70306364915023,9.776979573113358,13.52,Tornesch,4.18,270.4,83.6,8.4,16.4,17.69,30.3,63.7
JNJMED_189,Pinneberg,53.67744641273441,9.80550026017215,11.66,Pinneberg,2.6,233.2,52.0,5.2,13.2,12.76,21.9,52.099999999999994
JNJMED_190,Pinneberg,53.70379605866435,9.775751051439348,13.61,Tornesch,4.1,272.2,82.0,8.2,16.2,17.69,30.3,63.5
JNJMED_191,Pinneberg,53.64320556315638,9.78201822063668,14.15,Pinneberg,1.63,283.0,32.6,3.3,11.3,12.76,21.9,50.2
JNJMED_192,Pinneberg,53.6175220855138,9.784227349349578,15.33,Pinneberg,4.22,306.6,84.4,8.4,16.4,12.76,21.9,55.3
JNJMED_193,Pinneberg,53.64481734676893,9.804511813594289,12.71,Pinneberg,1.19,254.2,23.8,2.4,10.4,12.76,21.9,49.3
JNJMED_194,Pinneberg,53.66683511951554,9.856285125176475,8.63,Rellingen,1.63,172.6,32.6,3.3,11.3,9.46,16.2,44.5
JNJMED_195,Pinneberg,53.67900847676372,9.782692890330129,13.14,Pinneberg,2.89,262.8,57.8,5.8,13.8,12.76,21.9,52.7
JNJMED_196,Pinneberg,53.64203170657303,9.814757575145196,12.23,Pinneberg,1.81,244.6,36.2,3.6,11.6,12.76,21.9,50.5
JNJMED_197,Pinneberg,53.63359533585958,9.854943762975632,10.46,Halstenbek,0.9,209.2,18.0,1.8,18.0,10.96,18.8,53.8
JNJMED_198,Ahrensburg,53.69858880241442,10.22592473043686,16.23,Ahrensburg,2.76,324.6,55.2,5.5,13.5,17.25,29.6,60.1
JNJMED_199,Ahrensburg,53.64073730941818,10.280616171224963,20.6,Ahrensburg,4.68,412.0,93.6,9.4,17.4,17.25,29.6,64.0
JNJMED_200,Ahrensburg,53.67270920309495,10.277134489359204,19.7,Ahrensburg,2.44,394.0,48.8,4.9,12.9,17.25,29.6,59.5
JNJMED_201,Ahrensburg,53.64311144682411,10.222018749311388,16.81,Ahrensburg,3.78,336.2,75.6,7.6,15.6,17.25,29.6,62.2
JNJMED_202,Ahrensburg,53.67510487399437,10.241409417812942,17.32,Ahrensburg,0.07,346.4,1.4,0.1,1.4,17.25,29.6,48.0
JNJMED_203,Ahrensburg,53.66599869057041,10.258685497970426,18.58,Ahrensburg,1.59,371.6,31.8,3.2,11.2,17.25,29.6,57.8
JNJMED_204,Ahrensburg,53.65364759141234,10.23572861544936,17.36,Ahrensburg,2.43,347.2,48.6,4.9,12.9,17.25,29.6,59.5
JNJMED_205,Ahrensburg,53.67740591263424,10.255433165021763,18.22,Ahrensburg,1.02,364.4,20.4,2.0,10.0,17.25,29.6,56.6
JNJMED_206,Ahrensburg,53.68923229756177,10.206260737244865,14.91,Ammersbek,2.47,298.2,49.4,4.9,12.9,12.52,21.5,51.4
JNJMED_207,Ahrensburg,53.64431771658528,10.278330304656956,20.34,Ahrensburg,4.26,406.8,85.2,8.5,16.5,17.25,29.6,63.1
JNJMED_208,Ahrensburg,53.68164628023959,10.217545403903303,15.69,Ahrensburg,1.67,313.8,33.4,3.3,11.3,17.25,29.6,57.900000000000006
JNJMED_209,Ahrensburg,53.70602303951045,10.243470239028786,17.45,Ahrensburg,3.43,349.0,68.6,6.9,14.9,17.25,29.6,61.5
JNJMED_210,Ahrensburg,53.69858594368127,10.242025554442304,17.29,Ahrensburg,2.59,345.8,51.8,5.2,13.2,17.25,29.6,59.8
JNJMED_211,Ahrensburg,53.71621495849764,10.292660225273297,20.8,Ahrensburg,5.71,416.0,114.2,11.4,19.4,17.25,29.6,66.0
JNJMED_212,Ahrensburg,53.67002071703042,10.269147128528632,19.2,Ahrensburg,1.99,384.0,39.8,4.0,12.0,17.25,29.6,58.6
JNJMED_213,Ahrensburg,53.6879075189917,10.28105894672597,19.85,Ahrensburg,3.03,397.0,60.6,6.1,14.1,17.25,29.6,60.7
JNJMED_214,Ahrensburg,53.65570153078839,10.260581543799953,18.91,Ahrensburg,2.56,378.2,51.2,5.1,13.1,17.25,29.6,59.7
JNJMED_215,Ahrensburg,53.69616848973699,10.187237815407308,13.66,Ammersbek,1.15,273.2,23.0,2.3,10.3,12.52,21.5,48.8
JNJMED_216,Ahrensburg,53.65133482974668,10.178823034667197,13.81,Volksdorf,0.98,276.2,19.6,2.0,19.6,12.86,22.0,58.6
JNJMED_217,Ahrensburg,53.669611863311104,10.26152626767388,18.71,Ahrensburg,1.53,374.2,30.6,3.1,11.1,17.25,29.6,57.7
JNJMED_218,Ahrensburg,53.70504714104192,10.242222843412591,17.35,Ahrensburg,3.31,347.0,66.2,6.6,14.6,17.25,29.6,61.2
JNJMED_219,Wedel,53.61257231091143,9.658596956253552,23.0,Wedel,4.66,460.0,93.2,9.3,17.3,21.87,37.5,71.8
JNJMED_220,Wedel,53.5459323512129,9.6983335690331,24.67,Wedel,3.99,493.4,79.8,8.0,16.0,21.87,37.5,70.5
JNJMED_221,Wedel,53.58768130897879,9.699019157557176,21.87,Wedel,0.82,437.4,16.4,1.6,16.4,21.87,37.5,70.9
JNJMED_222,Wedel,53.5386511579992,9.697326398814615,25.26,Wedel,4.8,505.2,96.0,9.6,17.6,21.87,37.5,72.1
JNJMED_223,Wedel,53.5539106099899,9.7200901764649,23.0,Wedel,3.21,460.0,64.2,6.4,14.4,21.87,37.5,68.9
JNJMED_224,Wedel,53.58733196492194,9.671803606410178,23.44,Wedel,2.34,468.8,46.8,4.7,12.7,21.87,37.5,67.2
JNJMED_225,Wedel,53.56972266165327,9.668223594343331,24.66,Wedel,2.81,493.2,56.2,5.6,13.6,21.87,37.5,68.1
JNJMED_226,Wedel,53.578746418054536,9.728654269615037,20.81,Wedel,1.54,416.2,30.8,3.1,11.1,21.87,37.5,65.6
JNJMED_227,Wedel,53.560285479073286,9.715121395465534,22.79,Wedel,2.44,455.8,48.8,4.9,12.9,21.87,37.5,67.4
JNJMED_228,Wedel,53.56939484763255,9.67621381503213,24.24,Wedel,2.38,484.8,47.6,4.8,12.8,21.87,37.5,67.3
JNJMED_229,Wedel,53.57785939280091,9.668942730327418,24.14,Wedel,2.47,482.8,49.4,4.9,12.9,21.87,37.5,67.4
JNJMED_230,Wedel,53.56892701389305,9.664063663222334,24.94,Wedel,3.1,498.8,62.0,6.2,14.2,21.87,37.5,68.7
JNJMED_231,Wedel,53.61929450265833,9.701057906559152,20.12,Wedel,4.22,402.4,84.4,8.4,16.4,21.87,37.5,70.9
JNJMED_232,Wedel,53.566005489840144,9.706419397322026,22.84,Wedel,1.72,456.8,34.4,3.4,11.4,21.87,37.5,65.9
JNJMED_233,Lüneburg,53.24775343900618,10.403370912014005,56.73,Lüneburg,1.06,1134.6,21.2,2.1,10.1,57.07,97.8,124.89999999999999
JNJMED_234,Lüneburg,53.26228333400087,10.432725231301418,56.34,Lüneburg,1.68,1126.8,33.6,3.4,11.4,57.07,97.8,126.2
JNJMED_235,Lüneburg,53.23938997704779,10.39272545278066,57.2,Lüneburg,2.09,1144.0,41.8,4.2,12.2,57.07,97.8,127.0
JNJMED_236,Lüneburg,53.244498966056966,10.340942365057932,55.12,Lüneburg,5.24,1102.4,104.8,10.5,18.5,57.07,97.8,133.3
JNJMED_237,Lüneburg,53.21969617875603,10.451006228023337,61.03,Lüneburg,3.96,1220.6,79.2,7.9,15.9,57.07,97.8,130.7
JNJMED_238,Lüneburg,53.28289935427003,10.402528918813308,53.33,Lüneburg,3.87,1066.6,77.4,7.7,15.7,57.07,97.8,130.5
JNJMED_239,Lüneburg,53.26153113926112,10.419337504636308,55.95,Lüneburg,1.33,1119.0,26.6,2.7,10.7,57.07,97.8,125.5
JNJMED_240,Lüneburg,53.3115776161691,10.443587247343038,52.19,Lüneburg,7.09,1043.8,141.8,14.2,22.2,57.07,97.8,137.0
JNJMED_241,Lüneburg,53.24744164817039,10.381333786781989,56.05,Lüneburg,2.53,1121.0,50.6,5.1,13.1,57.07,97.8,127.89999999999999
JNJMED_242,Lüneburg,53.21787107359485,10.416103909076018,60.05,Lüneburg,3.54,1201.0,70.8,7.1,15.1,57.07,97.8,129.89999999999998
JNJMED_243,Lüneburg,53.23487298509431,10.36733238871207,56.86,Lüneburg,3.82,1137.2,76.4,7.6,15.6,57.07,97.8,130.39999999999998
JNJMED_244,Lüneburg,53.23706854231515,10.377553559891568,56.96,Lüneburg,3.1,1139.2,62.0,6.2,14.2,57.07,97.8,129.0
JNJMED_245,Lüneburg,53.28374283270145,10.436449192708483,54.47,Lüneburg,3.97,1089.4,79.4,7.9,15.9,57.07,97.8,130.7
JNJMED_246,Lüneburg,53.24984054717367,10.454398324166702,58.29,Lüneburg,2.36,1165.8,47.2,4.7,12.7,57.07,97.8,127.5
JNJMED_247,Elmshorn,53.75154736615296,9.624161473960152,24.48,Elmshorn,1.92,489.6,38.4,3.8,11.8,22.74,39.0,67.8
JNJMED_248,Elmshorn,53.78046248154539,9.66616730131054,23.03,Elmshorn,3.08,460.6,61.6,6.2,14.2,22.74,39.0,70.2
JNJMED_249,Elmshorn,53.72925507691347,9.644289839657493,22.62,Elmshorn,2.8,452.4,56.0,5.6,13.6,22.74,39.0,69.6
JNJMED_250,Elmshorn,53.73248763493231,9.60851600807107,25.0,Elmshorn,3.78,500.0,75.6,7.6,15.6,22.74,39.0,71.6
JNJMED_251,Elmshorn,53.76852355095063,9.707282499214104,20.01,Elmshorn,3.93,400.2,78.6,7.9,15.9,22.74,39.0,71.9
JNJMED_252,Elmshorn,53.72202864852362,9.666889077100718,21.01,Elmshorn,3.66,420.2,73.2,7.3,15.3,22.74,39.0,71.3
JNJMED_253,Elmshorn,53.736987148617565,9.63538623848706,23.37,Elmshorn,2.21,467.4,44.2,4.4,12.4,22.74,39.0,68.4
JNJMED_254,Elmshorn,53.73815212151522,9.624080276909606,24.12,Elmshorn,2.59,482.4,51.8,5.2,13.2,22.74,39.0,69.2
JNJMED_255,Elmshorn,53.750970432558894,9.625071496507667,24.41,Elmshorn,1.87,488.2,37.4,3.7,11.7,22.74,39.0,67.7
JNJMED_256,Elmshorn,53.7554091365156,9.648492856716526,23.08,Elmshorn,0.34,461.6,6.8,0.7,6.8,22.74,39.0,62.8
JNJMED_257,Elmshorn,53.74522103906267,9.622773090138752,24.39,Elmshorn,2.22,487.8,44.4,4.4,12.4,22.74,39.0,68.4
JNJMED_258,Elmshorn,53.73846457338863,9.672661736774772,21.01,Elmshorn,2.15,420.2,43.0,4.3,12.3,22.74,39.0,68.3
JNJMED_259,Elmshorn,53.760018343752485,9.620673342656044,24.98,Elmshorn,2.24,499.6,44.8,4.5,12.5,22.74,39.0,68.5
JNJMED_260,Elmshorn,53.75198664610858,9.672541613701156,21.45,Elmshorn,1.31,429.0,26.2,2.6,10.6,22.74,39.0,66.6
JNJMED_261,Schenefeld,53.56661189437757,9.866300805771395,15.75,Bahrenfeld,2.49,315.0,49.8,5.0,13.0,14.51,24.9,54.9
JNJMED_262,Schenefeld,53.586747524821085,9.867117960057794,13.79,Schenefeld,1.86,275.8,37.2,3.7,11.7,13.29,22.8,51.5
JNJMED_263,Schenefeld,53.58473481686915,9.795853536980063,16.98,Blankenese,3.12,339.6,62.4,6.2,14.2,18.25,31.3,62.5
JNJMED_264,Schenefeld,53.567449151242336,9.851442548399842,16.16,Blankenese,2.54,323.2,50.8,5.1,13.1,18.25,31.3,61.4
JNJMED_265,Schenefeld,53.60519445003443,9.822870501246868,14.12,Schenefeld,1.89,282.4,37.8,3.8,11.8,13.29,22.8,51.6
JNJMED_266,Schenefeld,53.61277184917555,9.80015439813193,14.75,Schenefeld,3.59,295.0,71.8,7.2,15.2,13.29,22.8,55.0
JNJMED_267,Schenefeld,53.598678404027055,9.813669514007126,15.06,Schenefeld,2.41,301.2,48.2,4.8,12.8,13.29,22.8,52.6
JNJMED_268,Schenefeld,53.58696327784396,9.851421960139492,14.36,Schenefeld,1.45,287.2,29.0,2.9,10.9,13.29,22.8,50.7
JNJMED_269,Schenefeld,53.582791732694325,9.838463333673104,15.25,Schenefeld,2.06,305.0,41.2,4.1,12.1,13.29,22.8,51.9
JNJMED_270,Schenefeld,53.62012585618429,9.832693243914305,12.54,Halstenbek,1.92,250.8,38.4,3.8,11.8,10.96,18.8,47.6
JNJMED_271,Schenefeld,53.6167138422413,9.816108794360272,13.64,Halstenbek,2.79,272.8,55.8,5.6,13.6,10.96,18.8,49.4
JNJMED_272,Schenefeld,53.61059608355831,9.893247058619735,10.62,Stellingen,2.89,212.4,57.8,5.8,13.8,11.94,20.5,51.3
JNJMED_273,Schenefeld,53.55056710999746,9.826093142335884,18.65,Blankenese,1.19,373.0,23.8,2.4,10.4,18.25,31.3,58.7
JNJMED_274,Schenefeld,53.61154144254361,9.84390863841871,12.62,Schenefeld,1.35,252.4,27.0,2.7,10.7,13.29,22.8,50.5
JNJMED_275,Schenefeld,53.607422917467424,9.831880444398523,13.51,Schenefeld,1.46,270.2,29.2,2.9,10.9,13.29,22.8,50.7
JNJMED_276,Schenefeld,53.60173179574946,9.845329682938235,13.34,Schenefeld,0.36,266.8,7.2,0.7,7.2,13.29,22.8,47.0
JNJMED_277,Schenefeld,53.6233556412332,9.857632625299036,11.06,Halstenbek,1.77,221.2,35.4,3.5,11.5,10.96,18.8,47.3
JNJMED_278,Schenefeld,53.60675205324151,9.837643691016323,13.29,Schenefeld,1.11,265.8,22.2,2.2,10.2,13.29,22.8,50.0
JNJMED_279,Schenefeld,53.59024787551855,9.83702325436541,14.67,Schenefeld,1.38,293.4,27.6,2.8,10.8,13.29,22.8,50.6
JNJMED_280,Schenefeld,53.60788904284757,9.837370465575392,13.22,Schenefeld,1.21,264.4,24.2,2.4,10.4,13.29,22.8,50.2
JNJMED_281,Schenefeld,53.60579549713793,9.912262023959364,10.47,Stellingen,1.84,209.4,36.8,3.7,11.7,11.94,20.5,49.2
JNJMED_282,Rellingen,53.66742249406863,9.840219294034965,9.63,Rellingen,1.88,192.6,37.6,3.8,11.8,9.46,16.2,45.0
JNJMED_283,Rellingen,53.67402427844328,9.837757738809351,9.62,Rellingen,2.62,192.4,52.4,5.2,13.2,9.46,16.2,46.4
JNJMED_284,Rellingen,53.60923750929644,9.819757410672478,13.98,Schenefeld,2.25,279.6,45.0,4.5,12.5,13.29,22.8,52.3
JNJMED_285,Rellingen,53.61258416157949,9.83945459547876,12.76,Schenefeld,1.56,255.2,31.2,3.1,11.1,13.29,22.8,50.9
JNJMED_286,Rellingen,53.65036836758379,9.90029311936826,6.95,Rellingen,3.14,139.0,62.8,6.3,14.3,9.46,16.2,47.5
JNJMED_287,Rellingen,53.65653854747528,9.843426984135734,9.83,Rellingen,0.78,196.6,15.6,1.6,15.6,9.46,16.2,48.8
JNJMED_288,Rellingen,53.66658811162367,9.783665940729763,13.29,Pinneberg,1.61,265.8,32.2,3.2,11.2,12.76,21.9,50.099999999999994
JNJMED_289,Rellingen,53.65471229116217,9.873125955816608,8.15,Rellingen,1.36,163.0,27.2,2.7,10.7,9.46,16.2,43.9
JNJMED_290,Rellingen,53.6204282750844,9.884312621296209,10.08,Schenefeld,3.21,201.6,64.2,6.4,14.4,13.29,22.8,54.2
JNJMED_291,Rellingen,53.656769928149885,9.837541362582977,10.18,Rellingen,1.13,203.6,22.6,2.3,10.3,9.46,16.2,43.5
JNJMED_292,Rellingen,53.662655637322125,9.918120785734132,5.18,Rellingen,4.46,103.6,89.2,8.9,16.9,9.46,16.2,50.099999999999994
JNJMED_293,Rellingen,53.653637325101165,9.85744661758901,9.12,Rellingen,0.34,182.4,6.8,0.7,6.8,9.46,16.2,40.0
JNJMED_294,Rellingen,53.64081278200919,9.824504668916056,11.72,Halstenbek,1.27,234.4,25.4,2.5,10.5,10.96,18.8,46.3
JNJMED_295,Rellingen,53.66660671633088,9.824317485222734,10.67,Pinneberg,2.23,213.4,44.6,4.5,12.5,12.76,21.9,51.4
JNJMED_296,Rellingen,53.65143132474439,9.835670276597046,10.53,Rellingen,1.14,210.6,22.8,2.3,10.3,9.46,16.2,43.5
JNJMED_297,Rellingen,53.65957959651493,9.860009863158608,8.69,Rellingen,0.94,173.8,18.8,1.9,18.8,9.46,16.2,52.0
JNJMED_298,Rellingen,53.67075079888516,9.834699508034356,9.89,Rellingen,2.38,197.8,47.6,4.8,12.8,9.46,16.2,46.0
JNJMED_299,Rellingen,53.64460250129413,9.82063708852653,11.75,Halstenbek,1.69,235.0,33.8,3.4,11.4,10.96,18.8,47.2
JNJMED_300,Rellingen,53.64111413479848,9.861319014791343,9.62,Rellingen,1.36,192.4,27.2,2.7,10.7,9.46,16.2,43.9
JNJMED_301,Rellingen,53.66513977233291,9.822335040274671,10.84,Pinneberg,2.02,216.8,40.4,4.0,12.0,12.76,21.9,50.9
JNJMED_302,Rellingen,53.66739211840211,9.890669135764147,6.48,Rellingen,3.01,129.6,60.2,6.0,14.0,9.46,16.2,47.2
JNJMED_303,Halstenbek,53.64126869806448,9.90630387437674,7.37,Rellingen,3.74,147.4,74.8,7.5,15.5,9.46,16.2,48.7
JNJMED_304,Halstenbek,53.617524216017934,9.812660358900658,13.77,Halstenbek,2.87,275.4,57.4,5.7,13.7,10.96,18.8,49.5
JNJMED_305,Halstenbek,53.59742559502192,9.894881329344676,11.83,Stellingen,1.83,236.6,36.6,3.7,11.7,11.94,20.5,49.2
JNJMED_306,Halstenbek,53.64608731312708,9.848332459872688,10.05,Rellingen,0.75,201.0,15.0,1.5,15.0,9.46,16.2,48.2
JNJMED_307,Halstenbek,53.6385993725264,9.816235328581048,12.32,Halstenbek,1.73,246.4,34.6,3.5,11.5,10.96,18.8,47.3
JNJMED_308,Halstenbek,53.68191503959234,9.853876635459256,8.43,Rellingen,3.3,168.6,66.0,6.6,14.6,9.46,16.2,47.8
JNJMED_309,Halstenbek,53.6351878958921,9.87177299871696,9.48,Halstenbek,1.96,189.6,39.2,3.9,11.9,10.96,18.8,47.7
JNJMED_310,Halstenbek,53.64262018463474,9.856716520728371,9.78,Rellingen,1.11,195.6,22.2,2.2,10.2,9.46,16.2,43.4
JNJMED_311,Halstenbek,53.6171905108911,9.86414405071408,11.23,Schenefeld,2.13,224.6,42.6,4.3,12.3,13.29,22.8,52.1
JNJMED_312,Halstenbek,53.670640489929504,9.890362601384648,6.37,Rellingen,3.21,127.4,64.2,6.4,14.4,9.46,16.2,47.6
JNJMED_313,Halstenbek,53.6648637325328,9.834663529707065,10.06,Rellingen,1.85,201.2,37.0,3.7,11.7,9.46,16.2,44.9
JNJMED_314,Halstenbek,53.613207903594834,9.84622639239701,12.38,Schenefeld,1.49,247.6,29.8,3.0,11.0,13.29,22.8,50.8
JNJMED_315,Halstenbek,53.63411449824578,9.882825745554127,9.02,Halstenbek,2.7,180.4,54.0,5.4,13.4,10.96,18.8,49.2
JNJMED_316,Halstenbek,53.599150707405705,9.895886509583818,11.63,Stellingen,1.87,232.6,37.4,3.7,11.7,11.94,20.5,49.2
JNJMED_317,Halstenbek,53.62983984202842,9.837193567901576,11.65,Halstenbek,0.8,233.0,16.0,1.6,16.0,10.96,18.8,51.8
JNJMED_318,Halstenbek,53.6127579124948,9.800354299844027,14.74,Schenefeld,3.58,294.8,71.6,7.2,15.2,13.29,22.8,55.0
JNJMED_319,Halstenbek,53.64946341167924,9.852199539015652,9.65,Rellingen,0.32,193.0,6.4,0.6,6.4,9.46,16.2,39.6
JNJMED_320,Halstenbek,53.60720078200518,9.811147636838092,14.56,Schenefeld,2.69,291.2,53.8,5.4,13.4,13.29,22.8,53.2
JNJMED_321,Halstenbek,53.6262843060142,9.900070645758682,8.93,Niendorf Markt,3.52,178.6,70.4,7.0,15.0,8.28,14.2,46.2
JNJMED_322,Halstenbek,53.62780817297273,9.804905711406455,13.56,Halstenbek,2.65,271.2,53.0,5.3,13.3,10.96,18.8,49.1
JNJMED_323,Halstenbek,53.62808513871828,9.84181829290757,11.52,Halstenbek,0.93,230.4,18.6,1.9,18.6,10.96,18.8,54.400000000000006
JNJMED_324,Norderstedt-Garstedt,53.64806226714117,10.001371154004463,4.94,Langenhorn Markt,1.04,98.8,20.8,2.1,10.1,5.26,9.0,36.1
JNJMED_325,Norderstedt-Garstedt,53.69738130939582,10.023886190944404,2.95,Norderstedt Richtweg,1.87,59.0,37.4,3.7,11.7,1.34,2.3,31.0
JNJMED_326,Norderstedt-Garstedt,53.73897912189891,10.036796950886432,6.53,Norderstedt Harksheide,3.25,130.6,65.0,6.5,14.5,3.28,5.6,37.1
JNJMED_327,Norderstedt-Garstedt,53.6966222261889,9.96980422273775,0.97,Norderstedt Richtweg,1.73,19.4,34.6,3.5,11.5,1.34,2.3,19.4
JNJMED_328,Norderstedt-Garstedt,53.753467196065,10.004776553020434,7.17,Norderstedt Harksheide,4.24,143.4,84.8,8.5,16.5,3.28,5.6,39.1
JNJMED_329,Norderstedt-Garstedt,53.70227858583826,10.0022762473867,1.93,Norderstedt Richtweg,0.58,38.6,11.6,1.2,11.6,1.34,2.3,30.9
JNJMED_330,Norderstedt-Garstedt,53.70596169521536,9.998669187642282,2.08,Norderstedt Mitte,0.41,41.6,8.2,0.8,8.2,1.93,3.3,28.5
JNJMED_331,Norderstedt-Garstedt,53.6905267598624,9.986594231762789,0.4,Norderstedt Garstedt,0.67,8.0,13.4,1.3,13.4,0.94,1.6,8.0
JNJMED_332,Norderstedt-Garstedt,53.70134493459568,9.986697256865988,1.25,Norderstedt Richtweg,0.66,25.0,13.2,1.3,13.2,1.34,2.3,25.0
JNJMED_333,Norderstedt-Garstedt,53.68774308434646,10.006192906830757,1.72,Norderstedt Garstedt,1.01,34.4,20.2,2.0,10.0,0.94,1.6,28.6
JNJMED_334,Norderstedt-Garstedt,53.69690045565158,10.04811978965748,4.51,Kiwittsmoor,3.23,90.2,64.6,6.5,14.5,2.9,5.0,36.5
JNJMED_335,Norderstedt-Garstedt,53.648980603832136,10.035745205557674,5.9,Langenhorn Markt,1.24,118.0,24.8,2.5,10.5,5.26,9.0,36.5
JNJMED_336,Norderstedt-Garstedt,53.72692170384995,9.940798293027756,4.81,Quickborn,2.57,96.2,51.4,5.1,13.1,6.89,11.8,41.9
JNJMED_337,Norderstedt-Garstedt,53.69514624811839,9.991856774020128,0.89,Norderstedt Richtweg,0.48,17.8,9.6,1.0,9.6,1.34,2.3,17.8
JNJMED_338,Norderstedt-Garstedt,53.67384976610564,9.979665499372274,1.88,Garstedt,1.41,37.6,28.2,2.8,10.8,0.94,1.6,29.4
JNJMED_339,Norderstedt-Garstedt,53.67978848309068,10.055568113302709,5.1,Kiwittsmoor,2.67,102.0,53.4,5.3,13.3,2.9,5.0,35.3
JNJMED_340,Norderstedt-Garstedt,53.720713567862944,10.041146652849823,5.21,Norderstedt Harksheide,2.28,104.2,45.6,4.6,12.6,3.28,5.6,35.2
JNJMED_341,Norderstedt-Garstedt,53.71643344128086,9.969128446863484,2.96,Norderstedt Mitte,1.9,59.2,38.0,3.8,11.8,1.93,3.3,32.1
JNJMED_342,Norderstedt-Garstedt,53.6915095946744,10.017681236836838,2.45,Norderstedt Richtweg,1.66,49.0,33.2,3.3,11.3,1.34,2.3,30.6
JNJMED_343,Norderstedt-Garstedt,53.67755744382216,10.024389952905173,3.24,Kiwittsmoor,0.62,64.8,12.4,1.2,12.4,2.9,5.0,34.4
JNJMED_344,Norderstedt-Garstedt,53.69719349203684,9.991755375773511,1.03,Norderstedt Richtweg,0.32,20.6,6.4,0.6,6.4,1.34,2.3,20.6
JNJMED_345,Norderstedt-Harksheide,53.73021919936407,10.02032789934458,5.12,Norderstedt Harksheide,1.85,102.4,37.0,3.7,11.7,3.28,5.6,34.3
JNJMED_346,Norderstedt-Harksheide,53.70878067668362,10.041779894100928,4.51,Norderstedt Harksheide,2.36,90.2,47.2,4.7,12.7,3.28,5.6,35.3
JNJMED_347,Norderstedt-Harksheide,53.694378733448005,10.025478068208328,2.99,Norderstedt Richtweg,2.03,59.8,40.6,4.1,12.1,1.34,2.3,31.4
JNJMED_348,Norderstedt-Harksheide,53.72786202515937,9.99771360682058,4.29,Norderstedt Harksheide,1.54,85.8,30.8,3.1,11.1,3.28,5.6,33.7
JNJMED_349,Norderstedt-Harksheide,53.722522660444845,9.96946659270844,3.62,Norderstedt Mitte,2.35,72.4,47.0,4.7,12.7,1.93,3.3,33.0
JNJMED_350,Norderstedt-Harksheide,53.73448054038414,10.00145293590671,5.06,Norderstedt Harksheide,2.16,101.2,43.2,4.3,12.3,3.28,5.6,34.9
JNJMED_351,Norderstedt-Harksheide,53.70554553958962,10.038470276775106,4.16,Norderstedt Harksheide,2.3,83.2,46.0,4.6,12.6,3.28,5.6,35.2
JNJMED_352,Norderstedt-Harksheide,53.70191312618915,9.964746161109092,1.63,Norderstedt Mitte,1.91,32.6,38.2,3.8,11.8,1.93,3.3,32.1
JNJMED_353,Norderstedt-Harksheide,53.68486741652952,10.025180298540368,3.02,Kiwittsmoor,1.25,60.4,25.0,2.5,10.5,2.9,5.0,32.5
JNJMED_354,Norderstedt-Harksheide,53.69039141295008,10.059643825459531,5.22,Kiwittsmoor,3.35,104.4,67.0,6.7,14.7,2.9,5.0,36.7
JNJMED_355,Norderstedt-Harksheide,53.67436141184233,10.0578936910487,5.42,Kiwittsmoor,2.78,108.4,55.6,5.6,13.6,2.9,5.0,35.6
JNJMED_356,Norderstedt-Harksheide,53.72022034934405,10.004098606643888,3.63,Norderstedt Harksheide,0.59,72.6,11.8,1.2,11.8,3.28,5.6,34.4
JNJMED_357,Norderstedt-Harksheide,53.70510161826383,10.018974083430562,3.0,Norderstedt Harksheide,1.36,60.0,27.2,2.7,10.7,3.28,5.6,33.3
JNJMED_358,Norderstedt-Harksheide,53.71524730595151,10.040099056460496,4.79,Norderstedt Harksheide,2.13,95.8,42.6,4.3,12.3,3.28,5.6,34.9
JNJMED_359,Norderstedt-Harksheide,53.718284552973245,10.011509052843856,3.69,Norderstedt Harksheide,0.4,73.8,8.0,0.8,8.0,3.28,5.6,30.6
JNJMED_360,Norderstedt-Harksheide,53.70872775575573,10.005291631288369,2.59,Norderstedt Harksheide,0.76,51.8,15.2,1.5,15.2,3.28,5.6,37.8
JNJMED_361,Norderstedt-Harksheide,53.72215603537784,9.955694948220302,3.87,Norderstedt Mitte,3.0,77.4,60.0,6.0,14.0,1.93,3.3,34.3
JNJMED_362,Norderstedt-Harksheide,53.68903629155788,10.029297922820682,3.22,Kiwittsmoor,1.78,64.4,35.6,3.6,11.6,2.9,5.0,33.6
JNJMED_363,Norderstedt-Harksheide,53.71941730876256,10.00148049990942,3.48,Norderstedt Harksheide,0.61,69.6,12.2,1.2,12.2,3.28,5.6,34.8
JNJMED_364,Norderstedt-Harksheide,53.71636867866131,10.01742745116085,3.75,Norderstedt Harksheide,0.64,75.0,12.8,1.3,12.8,3.28,5.6,35.4
JNJMED_365,Norderstedt-Harksheide,53.705204806393816,9.98365085823793,1.63,Norderstedt Mitte,0.61,32.6,12.2,1.2,12.2,1.93,3.3,32.5
JNJMED_366,Kaltenkirchen,53.83991690510195,9.93064881667155,16.93,Kaltenkirchen,1.87,338.6,37.4,3.7,11.7,16.29,27.9,56.599999999999994
JNJMED_367,Kaltenkirchen,53.84416505511429,9.908922491872866,17.72,Kaltenkirchen,3.37,354.4,67.4,6.7,14.7,16.29,27.9,59.599999999999994
JNJMED_368,Kaltenkirchen,53.85658311274651,9.974177924472391,18.47,Kaltenkirchen,2.46,369.4,49.2,4.9,12.9,16.29,27.9,57.8
JNJMED_369,Kaltenkirchen,53.841120594686274,9.989480729518366,16.75,Kaltenkirchen,2.1,335.0,42.0,4.2,12.2,16.29,27.9,57.099999999999994
JNJMED_370,Kaltenkirchen,53.86930948888925,9.990431101950543,19.89,Kaltenkirchen,4.21,397.8,84.2,8.4,16.4,16.29,27.9,61.3
JNJMED_371,Kaltenkirchen,53.79918251537337,9.92161269099793,12.69,Henstedt-Ulzburg,3.75,253.8,75.0,7.5,15.5,11.19,19.2,51.7
JNJMED_372,Kaltenkirchen,53.82350362844608,9.960782731506326,14.84,Kaltenkirchen,1.45,296.8,29.0,2.9,10.9,16.29,27.9,55.8
JNJMED_373,Kaltenkirchen,53.84635318040938,9.938227685605398,17.55,Kaltenkirchen,1.73,351.0,34.6,3.5,11.5,16.29,27.9,56.4
JNJMED_374,Kaltenkirchen,53.83973533528954,9.9373385120294,16.83,Kaltenkirchen,1.44,336.6,28.8,2.9,10.9,16.29,27.9,55.8
JNJMED_375,Kaltenkirchen,53.82376964394016,9.917800167094557,15.38,Kaltenkirchen,3.03,307.6,60.6,6.1,14.1,16.29,27.9,59.0
JNJMED_376,Kaltenkirchen,53.81753533507778,9.91944946183151,14.68,Kaltenkirchen,3.33,293.6,66.6,6.7,14.7,16.29,27.9,59.599999999999994
JNJMED_377,Kaltenkirchen,53.816482534940455,9.991609253898236,14.02,Henstedt-Ulzburg,2.98,280.4,59.6,6.0,14.0,11.19,19.2,50.2
JNJMED_378,Kaltenkirchen,53.81701202222336,10.038971461945122,14.58,Henstedt-Ulzburg,5.0,291.6,100.0,10.0,18.0,11.19,19.2,54.2
JNJMED_379,Kaltenkirchen,53.84586635801762,9.965545083710849,17.3,Kaltenkirchen,1.14,346.0,22.8,2.3,10.3,16.29,27.9,55.2
JNJMED_380,Henstedt-Ulzburg,53.77483284439638,9.99800929638227,9.43,Henstedt-Ulzburg,2.29,188.6,45.8,4.6,12.6,11.19,19.2,48.8
JNJMED_381,Henstedt-Ulzburg,53.78048724347524,9.98066029443936,9.99,Henstedt-Ulzburg,1.22,199.8,24.4,2.4,10.4,11.19,19.2,46.6
JNJMED_382,Henstedt-Ulzburg,53.843201690765376,9.974118203008262,16.98,Kaltenkirchen,1.27,339.6,25.4,2.5,10.5,16.29,27.9,55.4
JNJMED_383,Henstedt-Ulzburg,53.81498546652571,9.955904707246225,13.93,Kaltenkirchen,2.4,278.6,48.0,4.8,12.8,16.29,27.9,57.7
JNJMED_384,Henstedt-Ulzburg,53.79130023019006,10.030124019069063,11.66,Henstedt-Ulzburg,3.51,233.2,70.2,7.0,15.0,11.19,19.2,51.2
JNJMED_385,Henstedt-Ulzburg,53.77946065884424,10.031373456739908,10.43,Henstedt-Ulzburg,3.82,208.6,76.4,7.6,15.6,11.19,19.2,51.8
JNJMED_386,Henstedt-Ulzburg,53.80615503870912,9.960125996723171,12.92,Henstedt-Ulzburg,2.0,258.4,40.0,4.0,12.0,11.19,19.2,48.2
JNJMED_387,Henstedt-Ulzburg,53.80464815478111,10.006176633488804,12.79,Henstedt-Ulzburg,2.44,255.8,48.8,4.9,12.9,11.19,19.2,49.1
JNJMED_388,Henstedt-Ulzburg,53.80443619924434,9.929893258403286,13.09,Henstedt-Ulzburg,3.43,261.8,68.6,6.9,14.9,11.19,19.2,51.1
JNJMED_389,Henstedt-Ulzburg,53.7774572564835,9.969574440933457,9.68,Henstedt-Ulzburg,1.6,193.6,32.0,3.2,11.2,11.19,19.2,47.4
JNJMED_390,Henstedt-Ulzburg,53.790511331418,9.99562016292652,11.15,Henstedt-Ulzburg,1.24,223.0,24.8,2.5,10.5,11.19,19.2,46.7
JNJMED_391,Henstedt-Ulzburg,53.79555402001866,9.936939669238695,12.02,Henstedt-Ulzburg,2.68,240.4,53.6,5.4,13.4,11.19,19.2,49.6
JNJMED_392,Henstedt-Ulzburg,53.79960395702012,9.995317572358514,12.16,Henstedt-Ulzburg,1.53,243.2,30.6,3.1,11.1,11.19,19.2,47.3
JNJMED_393,Henstedt-Ulzburg,53.80319580895862,10.00942342176664,12.66,Henstedt-Ulzburg,2.52,253.2,50.4,5.0,13.0,11.19,19.2,49.2
JNJMED_394,Ammersbek,53.72467844309098,10.188775402376852,14.26,Ammersbek,3.58,285.2,71.6,7.2,15.2,12.52,21.5,53.7
JNJMED_395,Ammersbek,53.706596685770826,10.125171171994522,9.71,Ammersbek,3.25,194.2,65.0,6.5,14.5,12.52,21.5,53.0
JNJMED_396,Ammersbek,53.71659236438265,10.181230630614897,13.56,Ammersbek,2.57,271.2,51.4,5.1,13.1,12.52,21.5,51.6
JNJMED_397,Ammersbek,53.71343157674391,10.136697542725392,10.62,Ammersbek,3.05,212.4,61.0,6.1,14.1,12.52,21.5,52.6
JNJMED_398,Ammersbek,53.68637886919184,10.206594585599987,14.94,Ahrensburg,2.55,298.8,51.0,5.1,13.1,17.25,29.6,59.7
JNJMED_399,Ammersbek,53.707208896922864,10.19544502092118,14.31,Ammersbek,2.2,286.2,44.0,4.4,12.4,12.52,21.5,50.9
JNJMED_400,Ammersbek,53.70856636752261,10.175892684184872,13.05,Ammersbek,1.61,261.0,32.2,3.2,11.2,12.52,21.5,49.7
JNJMED_401,Ammersbek,53.72676567611952,10.15951865815348,12.48,Ammersbek,3.66,249.6,73.2,7.3,15.3,12.52,21.5,53.8
JNJMED_402,Ammersbek,53.70992241553882,10.161131741338847,12.11,Ammersbek,1.81,242.2,36.2,3.6,11.6,12.52,21.5,50.1
JNJMED_403,Ammersbek,53.69931007545135,10.165724836295942,12.27,Ammersbek,0.61,245.4,12.2,1.2,12.2,12.52,21.5,50.7
JNJMED_404,Ammersbek,53.71244267543267,10.160637541350097,12.13,Ammersbek,2.09,242.6,41.8,4.2,12.2,12.52,21.5,50.7
JNJMED_405,Ammersbek,53.73311512251147,10.148161780933416,12.03,Ammersbek,4.53,240.6,90.6,9.1,17.1,12.52,21.5,55.6
JNJMED_406,Ammersbek,53.70426256711677,10.161808068251776,12.06,Ammersbek,1.21,241.2,24.2,2.4,10.4,12.52,21.5,48.9
JNJMED_407,Ammersbek,53.73693955768707,10.180896643295348,14.19,Ammersbek,4.78,283.8,95.6,9.6,17.6,12.52,21.5,56.1
JNJMED_408,Hamburg-Nord,53.62063689078938,9.948433188808892,8.08,Niendorf Markt,0.33,161.6,6.6,0.7,6.6,8.28,14.2,37.8
JNJMED_409,Hamburg-Nord,53.605341005317385,10.019688923868705,9.85,U Alsterdorf,0.52,197.0,10.4,1.0,10.4,9.53,16.3,43.7
JNJMED_410,Hamburg-Nord,53.60164567978551,10.02496441125196,10.34,Winterhude / Hudtwalckerstraße,1.0,206.8,20.0,2.0,20.0,10.9,18.7,55.7
JNJMED_411,Hamburg-Nord,53.58965423099799,10.035280423205569,11.81,U Saarlandstraße,0.26,236.2,5.2,0.5,5.2,11.92,20.4,42.599999999999994
JNJMED_412,Hamburg-Nord,53.64597796247239,9.98211484318681,4.98,Airport (Flughafen),2.21,99.6,44.2,4.4,12.4,6.69,11.5,40.9
JNJMED_413,Hamburg-Nord,53.59108994957199,10.036601534313531,11.69,U Saarlandstraße,0.44,233.8,8.8,0.9,8.8,11.92,20.4,46.2
JNJMED_414,Hamburg-Nord,53.63159144291462,9.977314199185402,6.58,Airport (Flughafen),1.95,131.6,39.0,3.9,11.9,6.69,11.5,40.4
JNJMED_415,Hamburg-Nord,53.59159626365808,9.984546461734183,11.03,U Kellinghusenstraße,0.57,220.6,11.4,1.1,11.4,11.38,19.5,47.9
JNJMED_416,Hamburg-Nord,53.57311098977932,9.965440441605477,13.13,U Christuskirche,0.42,262.6,8.4,0.8,8.4,13.54,23.2,48.6
JNJMED_417,Hamburg-Nord,53.57991718466496,9.969966073046876,12.35,U Hoheluftbrücke,0.45,247.0,9.0,0.9,9.0,12.51,21.4,47.4
JNJMED_418,Hamburg-Nord,53.599306302252266,10.000026441976097,10.25,U Lattenkamp,0.33,205.0,6.6,0.7,6.6,10.17,17.4,41.0
JNJMED_419,Hamburg-Nord,53.63101000985628,9.963049378777836,6.74,Niendorf Markt,1.61,134.8,32.2,3.2,11.2,8.28,14.2,42.4
JNJMED_420,Hamburg-Nord,53.619686447969535,9.986580334673237,7.91,Airport (Flughafen),1.96,158.2,39.2,3.9,11.9,6.69,11.5,40.4
JNJMED_421,Hamburg-Nord,53.59901072580696,10.013244584764998,10.43,Winterhude / Hudtwalckerstraße,0.47,208.6,9.4,0.9,9.4,10.9,18.7,45.1
JNJMED_422,Hamburg-Nord,53.57754555956876,10.004472292385522,12.69,U Klosterstern,1.25,253.8,25.0,2.5,10.5,12.08,20.7,48.2
JNJMED_423,Hamburg-Nord,53.60332904416426,10.007773537920244,9.89,U Alsterdorf,0.53,197.8,10.6,1.1,10.6,9.53,16.3,43.9
JNJMED_424,Hamburg-Nord,53.60578337287816,10.066659004197328,11.03,Wandsbek-Gartenstadt,1.6,220.6,32.0,3.2,11.2,12.61,21.6,49.8
JNJMED_425,Hamburg-Nord,53.587245200314975,9.977070091349946,11.52,U Klosterstern,0.88,230.4,17.6,1.8,17.6,12.08,20.7,55.3
JNJMED_426,Hamburg-Nord,53.587537189471504,9.976335686425193,11.49,U Klosterstern,0.94,229.8,18.8,1.9,18.8,12.08,20.7,56.5
JNJMED_427,Hamburg-Nord,53.58725225745387,10.028670495933229,11.94,U Saarlandstraße,0.26,238.8,5.2,0.5,5.2,11.92,20.4,42.599999999999994
JNJMED_428,Hamburg-Nord,53.6284100849598,9.975877611187515,6.94,Niendorf Markt,1.97,138.8,39.4,3.9,11.9,8.28,14.2,43.1
JNJMED_429,Winterhude,53.57435288853792,10.024142466691591,13.27,U Mundsburg,0.53,265.4,10.6,1.1,10.6,13.79,23.6,51.2
JNJMED_430,Winterhude,53.57995553911438,10.028987954532663,12.73,U Saarlandstraße,0.93,254.6,18.6,1.9,18.6,11.92,20.4,56.0
JNJMED_431,Winterhude,53.59505846041703,9.964527676550082,10.7,Lokstedt,0.8,214.0,16.0,1.6,16.0,10.03,17.2,50.2
JNJMED_432,Winterhude,53.6219501040266,10.063876330192866,9.43,Kornweg (Klein Borstel),1.34,188.6,26.8,2.7,10.7,8.11,13.9,41.6
JNJMED_433,Winterhude,53.57874422619032,9.99836895320192,12.52,U Klosterstern,0.83,250.4,16.6,1.7,16.6,12.08,20.7,54.3
JNJMED_434,Winterhude,53.5967173078145,10.02003370369961,10.78,Winterhude / Hudtwalckerstraße,0.38,215.6,7.6,0.8,7.6,10.9,18.7,43.3
JNJMED_435,Winterhude,53.604170885453456,10.07030613616299,11.31,Wandsbek-Gartenstadt,1.35,226.2,27.0,2.7,10.7,12.61,21.6,49.3
JNJMED_436,Winterhude,53.58746105545012,9.986051082663844,11.5,U Kellinghusenstraße,0.38,230.0,7.6,0.8,7.6,11.38,19.5,44.1
JNJMED_437,Winterhude,53.563413615439714,9.988072098801744,14.18,Dammtor,0.32,283.6,6.4,0.6,6.4,14.47,24.8,48.2
JNJMED_438,Winterhude,53.59033746054253,10.063836735905534,12.45,Wandsbek-Gartenstadt,0.81,249.0,16.2,1.6,16.2,12.61,21.6,54.8
JNJMED_439,Winterhude,53.58064777401928,10.016713638549168,12.48,U Saarlandstraße,1.32,249.6,26.4,2.6,10.6,11.92,20.4,48.0
JNJMED_440,Winterhude,53.59067154207855,10.045651798203442,11.94,Barmbek,0.32,238.8,6.4,0.6,6.4,12.18,20.9,44.3
JNJMED_441,Winterhude,53.64153864851748,9.99407393681239,5.54,Airport (Flughafen),1.3,110.8,26.0,2.6,10.6,6.69,11.5,39.1
JNJMED_442,Winterhude,53.58121121114964,10.041324826312072,12.83,Barmbek,0.78,256.6,15.6,1.6,15.6,12.18,20.9,53.5
JNJMED_443,Winterhude,53.60463782979253,10.06540121977208,11.1,Habichtstraße,1.5,222.0,30.0,3.0,11.0,11.8,20.2,48.2
JNJMED_444,Winterhude,53.60267856370652,9.999221237276387,9.87,U Lattenkamp,0.42,197.4,8.4,0.8,8.4,10.17,17.4,42.8
JNJMED_445,Winterhude,53.60281309661385,10.043261107417488,10.62,Habichtstraße,1.18,212.4,23.6,2.4,10.4,11.8,20.2,47.6
JNJMED_446,Winterhude,53.607409643623946,10.02521822093322,9.73,U Alsterdorf,0.85,194.6,17.0,1.7,17.0,9.53,16.3,50.3
JNJMED_447,Winterhude,53.61233349379179,10.04507886771337,9.71,Klein Borstel,1.06,194.2,21.2,2.1,10.1,8.65,14.8,41.9
JNJMED_448,Winterhude,53.61864317982075,10.029461296627687,8.65,Ohlsdorf,0.25,173.0,5.0,0.5,5.0,8.49,14.6,36.6
JNJMED_449,Winterhude,53.58765763839367,10.014401410593,11.68,Winterhude / Hudtwalckerstraße,0.81,233.6,16.2,1.6,16.2,10.9,18.7,51.9
JNJMED_450,Lokstedt,53.62613017933016,9.920491929870384,8.21,Niendorf Markt,2.23,164.2,44.6,4.5,12.5,8.28,14.2,43.7
JNJMED_451,Lokstedt,53.60937346617745,9.93319983563018,9.58,Niendorf Markt,1.57,191.6,31.4,3.1,11.1,8.28,14.2,42.3
JNJMED_452,Lokstedt,53.60257489645869,9.98335355587822,9.81,U Lattenkamp,0.84,196.2,16.8,1.7,16.8,10.17,17.4,51.2
JNJMED_453,Lokstedt,53.60582198136039,9.946393096444686,9.71,Lokstedt,0.96,194.2,19.2,1.9,19.2,10.03,17.2,53.4
JNJMED_454,Lokstedt,53.5748028771804,9.967387606980816,12.93,U Christuskirche,0.63,258.6,12.6,1.3,12.6,13.54,23.2,52.8
JNJMED_455,Lokstedt,53.61490968362282,10.009897641699164,8.65,U Alsterdorf,0.88,173.0,17.6,1.8,17.6,9.53,16.3,50.900000000000006
JNJMED_456,Lokstedt,53.59584443530094,9.951574509829918,10.73,U Hagenbecks Tierpark,0.59,214.6,11.8,1.2,11.8,11.09,19.0,47.8
JNJMED_457,Lokstedt,53.60698767367421,9.992323598392904,9.35,U Lattenkamp,0.82,187.0,16.4,1.6,16.4,10.17,17.4,50.8
JNJMED_458,Lokstedt,53.60009408935226,9.953370645773113,10.24,Lokstedt,0.4,204.8,8.0,0.8,8.0,10.03,17.2,42.2
JNJMED_459,Lokstedt,53.61415793019433,9.950598273694691,8.75,Niendorf Markt,0.46,175.0,9.2,0.9,9.2,8.28,14.2,40.4
JNJMED_460,Lokstedt,53.59307132770898,9.950822699786947,11.04,U Hagenbecks Tierpark,0.48,220.8,9.6,1.0,9.6,11.09,19.0,45.6
JNJMED_461,Lokstedt,53.62347263499719,9.914204541017668,8.67,Niendorf Markt,2.53,173.4,50.6,5.1,13.1,8.28,14.2,44.3
JNJMED_462,Lokstedt,53.60465939348293,9.923996375551823,10.28,Stellingen,1.68,205.6,33.6,3.4,11.4,11.94,20.5,48.9
JNJMED_463,Lokstedt,53.625900932578496,9.899304392856488,8.99,Niendorf Markt,3.56,179.8,71.2,7.1,15.1,8.28,14.2,46.3
JNJMED_464,Lokstedt,53.59082156305457,9.956316356251936,11.23,U Hagenbecks Tierpark,0.9,224.6,18.0,1.8,18.0,11.09,19.0,54.0
JNJMED_465,Lokstedt,53.63331048058468,9.943027492167811,6.85,Niendorf Markt,1.76,137.0,35.2,3.5,11.5,8.28,14.2,42.7
JNJMED_466,Lokstedt,53.590896009466135,10.00143471208322,11.19,U Kellinghusenstraße,0.7,223.8,14.0,1.4,14.0,11.38,19.5,50.5
JNJMED_467,Lokstedt,53.57303972199167,9.879035821301398,14.72,Bahrenfeld,1.71,294.4,34.2,3.4,11.4,14.51,24.9,53.3
JNJMED_468,Lokstedt,53.61080028900106,9.929938373269422,9.5,Niendorf Markt,1.65,190.0,33.0,3.3,11.3,8.28,14.2,42.5
JNJMED_469,Lokstedt,53.58157534365738,9.96625069341898,12.18,U Hoheluftbrücke,0.75,243.6,15.0,1.5,15.0,12.51,21.4,53.4
JNJMED_470,Lokstedt,53.60687601427542,9.928077641077898,9.95,U Hagenbecks Tierpark,1.81,199.0,36.2,3.6,11.6,11.09,19.0,47.6
JNJMED_471,Stellingen,53.56939391202658,9.926173719848403,13.97,Bahrenfeld,1.48,279.4,29.6,3.0,11.0,14.51,24.9,52.9
JNJMED_472,Stellingen,53.608004023559175,9.897024724086618,10.74,Stellingen,2.51,214.8,50.2,5.0,13.0,11.94,20.5,50.5
JNJMED_473,Stellingen,53.63193273992096,9.867897457010216,9.91,Halstenbek,1.77,198.2,35.4,3.5,11.5,10.96,18.8,47.3
JNJMED_474,Stellingen,53.5644894965815,9.879242757903564,15.57,Bahrenfeld,1.69,311.4,33.8,3.4,11.4,14.51,24.9,53.3
JNJMED_475,Stellingen,53.59408827967289,9.90730018347968,11.8,Stellingen,0.93,236.0,18.6,1.9,18.6,11.94,20.5,56.1
JNJMED_476,Stellingen,53.59017527884287,9.910561661895429,12.11,Stellingen,0.58,242.2,11.6,1.2,11.6,11.94,20.5,49.1
JNJMED_477,Stellingen,53.56996921151619,9.943312938122196,13.66,Eimsbüttel / Osterstraße,0.9,273.2,18.0,1.8,18.0,12.86,22.0,57.0
JNJMED_478,Stellingen,53.59335697643215,9.933518874947644,11.27,U Hagenbecks Tierpark,0.66,225.4,13.2,1.3,13.2,11.09,19.0,49.2
JNJMED_479,Stellingen,53.60185450692755,9.913702596574614,10.83,Stellingen,1.39,216.6,27.8,2.8,10.8,11.94,20.5,48.3
JNJMED_480,Stellingen,53.606395345604646,9.91343125680052,10.38,Stellingen,1.89,207.6,37.8,3.8,11.8,11.94,20.5,49.3
JNJMED_481,Stellingen,53.60785445519735,9.939874575903971,9.61,Niendorf Markt,1.39,192.2,27.8,2.8,10.8,8.28,14.2,42.0
JNJMED_482,Stellingen,53.59893042339403,9.921270112727656,10.94,Stellingen,1.02,218.8,20.4,2.0,10.0,11.94,20.5,47.5
JNJMED_483,Stellingen,53.593205286114255,9.943203516463484,11.13,U Hagenbecks Tierpark,0.04,222.6,0.8,0.1,0.8,11.09,19.0,36.8
JNJMED_484,Stellingen,53.58147215395881,9.954028212987325,12.28,Lutterothstraße,0.43,245.6,8.6,0.9,8.6,12.29,21.1,46.7
JNJMED_485,Niendorf,53.61619684098711,9.907076746936458,9.61,Niendorf Markt,2.95,192.2,59.0,5.9,13.9,8.28,14.2,45.1
JNJMED_486,Niendorf,53.61956208829821,9.929568450275752,8.61,Niendorf Markt,1.46,172.2,29.2,2.9,10.9,8.28,14.2,42.1
JNJMED_487,Niendorf,53.633812870979774,9.930421280620928,7.15,Niendorf Markt,2.22,143.0,44.4,4.4,12.4,8.28,14.2,43.6
JNJMED_488,Niendorf,53.6080763313357,9.893313778071631,10.86,Stellingen,2.66,217.2,53.2,5.3,13.3,11.94,20.5,50.8
JNJMED_489,Niendorf,53.60795387361502,9.87728362020113,11.47,Schenefeld,2.01,229.4,40.2,4.0,12.0,13.29,22.8,51.8
JNJMED_490,Niendorf,53.58532194353028,9.972812439684327,11.74,U Hoheluftbrücke,0.81,234.8,16.2,1.6,16.2,12.51,21.4,54.599999999999994
JNJMED_491,Niendorf,53.632716003173016,9.962763726853549,6.56,Niendorf Markt,1.77,131.2,35.4,3.5,11.5,8.28,14.2,42.7
JNJMED_492,Niendorf,53.59766047713741,9.94856865931574,10.57,U Hagenbecks Tierpark,0.57,211.4,11.4,1.1,11.4,11.09,19.0,47.4
JNJMED_493,Niendorf,53.61692794921819,9.915249059324225,9.28,Niendorf Markt,2.4,185.6,48.0,4.8,12.8,8.28,14.2,44.0
JNJMED_494,Niendorf,53.64706796603534,9.97632086871727,4.86,Airport (Flughafen),2.58,97.2,51.6,5.2,13.2,6.69,11.5,41.7
JNJMED_495,Niendorf,53.61258071652341,9.950806575169835,8.91,Niendorf Markt,0.64,178.2,12.8,1.3,12.8,8.28,14.2,44.0
JNJMED_496,Niendorf,53.62116765615895,9.88874795394727,9.84,Schenefeld,3.48,196.8,69.6,7.0,15.0,13.29,22.8,54.8
JNJMED_497,Niendorf,53.612056452349584,9.929540472560063,9.38,Niendorf Markt,1.61,187.6,32.2,3.2,11.2,8.28,14.2,42.4
JNJMED_498,Niendorf,53.5969675998021,9.94156699121342,10.75,U Hagenbecks Tierpark,0.41,215.0,8.2,0.8,8.2,11.09,19.0,44.2
JNJMED_499,Niendorf,53.652953730536986,9.969225285838007,4.27,Langenhorn Markt,3.19,85.4,63.8,6.4,14.4,5.26,9.0,40.4
JNJMED_500,Niendorf,53.60557642020434,9.967177483440684,9.52,Lokstedt,0.71,190.4,14.2,1.4,14.2,10.03,17.2,48.4
JNJMED_501,Niendorf,53.64498710873172,9.977739010487385,5.09,Airport (Flughafen),2.37,101.8,47.4,4.7,12.7,6.69,11.5,41.2
JNJMED_502,Niendorf,53.6181926073984,9.930591896668831,8.72,Niendorf Markt,1.38,174.4,27.6,2.8,10.8,8.28,14.2,42.0
JNJMED_503,Niendorf,53.63096446627227,9.961804561562651,6.76,Niendorf Markt,1.57,135.2,31.4,3.1,11.1,8.28,14.2,42.3
JNJMED_504,Niendorf,53.63490386440055,9.96905515405046,6.26,Niendorf Markt,2.18,125.2,43.6,4.4,12.4,8.28,14.2,43.6
JNJMED_505,Niendorf,53.63799105430638,9.933942943653182,6.63,Niendorf Markt,2.48,132.6,49.6,5.0,13.0,8.28,14.2,44.2
JNJMED_506,Langenhorn,53.69934788131269,10.005927988140773,1.93,Norderstedt Richtweg,0.68,38.6,13.6,1.4,13.6,1.34,2.3,32.9
JNJMED_507,Langenhorn,53.714505217452505,9.979324365457312,2.65,Norderstedt Mitte,1.25,53.0,25.0,2.5,10.5,1.93,3.3,30.8
JNJMED_508,Langenhorn,53.70771927606331,10.00593732350388,2.53,Norderstedt Harksheide,0.86,50.6,17.2,1.7,17.2,3.28,5.6,39.8
JNJMED_509,Langenhorn,53.65997163992771,9.985483424978373,3.44,Langenhorn Nord,2.12,68.8,42.4,4.2,12.2,4.03,6.9,36.1
JNJMED_510,Langenhorn,53.66659305383612,10.012724978392058,3.42,Langenhorn Nord,0.62,68.4,12.4,1.2,12.4,4.03,6.9,36.3
JNJMED_511,Langenhorn,53.68345670976071,9.982788999881842,0.82,Garstedt,0.53,16.4,10.6,1.1,10.6,0.94,1.6,16.4
JNJMED_512,Langenhorn,53.67251290815478,10.064268110758356,5.89,Poppenbüttel,2.52,117.8,50.4,5.0,13.0,8.14,14.0,44.0
JNJMED_513,Langenhorn,53.70755086340202,10.01308971009022,2.85,Norderstedt Harksheide,0.94,57.0,18.8,1.9,18.8,3.28,5.6,41.4
JNJMED_514,Langenhorn,53.673760069563365,10.003600939801547,2.42,Ochsenzoll,0.45,48.4,9.0,0.9,9.0,2.0,3.4,29.4
JNJMED_515,Langenhorn,53.68527035945461,9.969316223044048,0.96,Garstedt,1.41,19.2,28.2,2.8,10.8,0.94,1.6,19.2
JNJMED_516,Langenhorn,53.667852469251535,9.949942477783672,3.25,Garstedt,3.28,65.0,65.6,6.6,14.6,0.94,1.6,33.2
JNJMED_517,Langenhorn,53.68098446245211,10.019415878191085,2.78,Kiwittsmoor,0.69,55.6,13.8,1.4,13.8,2.9,5.0,35.8
JNJMED_518,Langenhorn,53.663336270754016,10.047219602898702,5.35,Langenhorn Nord,1.98,107.0,39.6,4.0,12.0,4.03,6.9,35.9
JNJMED_519,Langenhorn,53.64848468673996,9.956068753593703,4.97,Niendorf Markt,3.37,99.4,67.4,6.7,14.7,8.28,14.2,45.9
JNJMED_520,Langenhorn,53.6774890363712,10.031412949078364,3.67,Kiwittsmoor,1.06,73.4,21.2,2.1,10.1,2.9,5.0,32.1
JNJMED_521,Langenhorn,53.70667855382916,9.986233472113932,1.82,Norderstedt Mitte,0.42,36.4,8.4,0.8,8.4,1.93,3.3,28.7
JNJMED_522,Langenhorn,53.69457361666863,9.99884474591498,1.28,Norderstedt Richtweg,0.51,25.6,10.2,1.0,10.2,1.34,2.3,25.6
JNJMED_523,Langenhorn,53.66954745400118,10.0265097981246,3.84,Kiwittsmoor,0.94,76.8,18.8,1.9,18.8,2.9,5.0,40.8
JNJMED_524,Langenhorn,53.68604645756827,9.952708235290473,1.91,Garstedt,2.51,38.2,50.2,5.0,13.0,0.94,1.6,31.6
JNJMED_525,Langenhorn,53.70253080699452,10.041402740624424,4.23,Norderstedt Harksheide,2.64,84.6,52.8,5.3,13.3,3.28,5.6,35.9
JNJMED_526,Langenhorn,53.660488745969815,10.011874106003122,3.95,Langenhorn Nord,0.39,79.0,7.8,0.8,7.8,4.03,6.9,31.7
JNJMED_527,Poppenbüttel,53.66088060372566,10.099820212974718,8.55,Poppenbüttel,1.06,171.0,21.2,2.1,10.1,8.14,14.0,41.1
JNJMED_528,Poppenbüttel,53.63999389692309,10.071851298961858,8.26,Kornweg (Klein Borstel),1.41,165.2,28.2,2.8,10.8,8.11,13.9,41.7
JNJMED_529,Poppenbüttel,53.65048891858017,10.12718187057778,10.67,Buckhorn,2.45,213.4,49.0,4.9,12.9,11.91,20.4,50.3
JNJMED_530,Poppenbüttel,53.66187200309189,10.080881570037418,7.36,Poppenbüttel,0.93,147.2,18.6,1.9,18.6,8.14,14.0,49.6
JNJMED_531,Poppenbüttel,53.66643397421297,10.006543721381098,3.2,Langenhorn Nord,0.88,64.0,17.6,1.8,17.6,4.03,6.9,41.5
JNJMED_532,Poppenbüttel,53.67397531400744,10.039808586636658,4.33,Kiwittsmoor,1.59,86.6,31.8,3.2,11.2,2.9,5.0,33.2
JNJMED_533,Poppenbüttel,53.64375118117194,10.058409903161216,7.33,Kornweg (Klein Borstel),1.27,146.6,25.4,2.5,10.5,8.11,13.9,41.4
JNJMED_534,Poppenbüttel,53.62510637048558,10.126824803621355,12.11,Berne,0.79,242.2,15.8,1.6,15.8,12.73,21.8,54.6
JNJMED_535,Poppenbüttel,53.641645975973766,10.10239511645192,9.73,Poppenbüttel,1.74,194.6,34.8,3.5,11.5,8.14,14.0,42.5
JNJMED_536,Poppenbüttel,53.65006158842242,10.106311224816697,9.46,Poppenbüttel,1.33,189.2,26.6,2.7,10.7,8.14,14.0,41.7
JNJMED_537,Poppenbüttel,53.65253643782121,10.053510233274343,6.42,Kornweg (Klein Borstel),2.22,128.4,44.4,4.4,12.4,8.11,13.9,43.3
JNJMED_538,Poppenbüttel,53.67092533638895,10.07718730250516,6.75,Poppenbüttel,1.95,135.0,39.0,3.9,11.9,8.14,14.0,42.9
JNJMED_539,Poppenbüttel,53.61986836202681,10.079156545171022,10.23,Kornweg (Klein Borstel),2.16,204.6,43.2,4.3,12.3,8.11,13.9,43.2
JNJMED_540,Poppenbüttel,53.68101519581269,10.117506652263405,9.11,Buckhorn,3.1,182.2,62.0,6.2,14.2,11.91,20.4,51.599999999999994
JNJMED_541,Bergedorf,53.48502695731184,10.193522268870447,26.88,Bergedorf,1.0,537.6,20.0,2.0,20.0,26.91,46.1,83.1
JNJMED_542,Bergedorf,53.48556729897565,10.266302439506823,29.65,Bergedorf,4.0,593.0,80.0,8.0,16.0,26.91,46.1,79.1
JNJMED_543,Bergedorf,53.49963870904463,10.216901249415733,26.4,Bergedorf,1.31,528.0,26.2,2.6,10.6,26.91,46.1,73.7
JNJMED_544,Bergedorf,53.51260566908064,10.211163674770797,25.02,Bergedorf,2.57,500.4,51.4,5.1,13.1,26.91,46.1,76.2
JNJMED_545,Bergedorf,53.48681915708358,10.198109504527451,26.88,Bergedorf,0.64,537.6,12.8,1.3,12.8,26.91,46.1,75.9
JNJMED_546,Bergedorf,53.49056797481172,10.202883332904705,26.7,Bergedorf,0.25,534.0,5.0,0.5,5.0,26.91,46.1,68.1
JNJMED_547,Bergedorf,53.50655259087274,10.20555837657422,25.33,Bergedorf,1.88,506.6,37.6,3.8,11.8,26.91,46.1,74.9
JNJMED_548,Bergedorf,53.50665280154431,10.201578502596742,25.17,Bergedorf,1.91,503.4,38.2,3.8,11.8,26.91,46.1,74.9
JNJMED_549,Bergedorf,53.49357270380632,10.144053979464037,24.46,U Mümmelmannsberg,3.74,489.2,74.8,7.5,15.5,21.39,36.7,69.2
JNJMED_550,Bergedorf,53.510326553494046,10.21439465427694,25.35,Bergedorf,2.36,507.0,47.2,4.7,12.7,26.91,46.1,75.8
JNJMED_551,Bergedorf,53.51196020219719,10.11711233865419,21.85,U Mümmelmannsberg,2.74,437.0,54.8,5.5,13.5,21.39,36.7,67.2
JNJMED_552,Bergedorf,53.53376749409561,10.199812311155345,22.71,U Mümmelmannsberg,3.4,454.2,68.0,6.8,14.8,21.39,36.7,68.5
JNJMED_553,Bergedorf,53.514163656334745,10.172802822186236,23.41,U Mümmelmannsberg,2.09,468.2,41.8,4.2,12.2,21.39,36.7,65.9
JNJMED_554,Bergedorf,53.50425547810125,10.17239753310479,24.33,Bergedorf,2.78,486.6,55.6,5.6,13.6,26.91,46.1,76.7
JNJMED_555,Tornesch,53.687524620786085,9.773420940616004,13.69,Pinneberg,3.99,273.8,79.8,8.0,16.0,12.76,21.9,54.9
JNJMED_556,Tornesch,53.696186351984736,9.722522986195392,17.06,Tornesch,1.06,341.2,21.2,2.1,10.1,17.69,30.3,57.4
JNJMED_557,Tornesch,53.71740135461378,9.730870456639176,16.76,Tornesch,1.86,335.2,37.2,3.7,11.7,17.69,30.3,59.0
JNJMED_558,Tornesch,53.70300837810287,9.726948830073988,16.81,Tornesch,0.88,336.2,17.6,1.8,17.6,17.69,30.3,64.9
JNJMED_559,Tornesch,53.74806831170477,9.714271436088993,18.71,Elmshorn,4.09,374.2,81.8,8.2,16.2,22.74,39.0,72.2
JNJMED_560,Tornesch,53.7040219809343,9.747519631880229,15.47,Tornesch,2.23,309.4,44.6,4.5,12.5,17.69,30.3,59.8
JNJMED_561,Tornesch,53.72211051865917,9.75161090916681,15.52,Tornesch,3.21,310.4,64.2,6.4,14.4,17.69,30.3,61.7
JNJMED_562,Tornesch,53.71277460444059,9.681709852618084,19.89,Tornesch,2.32,397.8,46.4,4.6,12.6,17.69,30.3,59.9
JNJMED_563,Tornesch,53.732668630646025,9.68160963820944,20.29,Elmshorn,3.02,405.8,60.4,6.0,14.0,22.74,39.0,70.0
JNJMED_564,Tornesch,53.70605270930479,9.693371724499418,19.05,Tornesch,1.36,381.0,27.2,2.7,10.7,17.69,30.3,58.0
JNJMED_565,Tornesch,53.69871723306815,9.725862872309104,16.85,Tornesch,1.0,337.0,20.0,2.0,20.0,17.69,30.3,67.3
JNJMED_566,Tornesch,53.70642714430901,9.728657622627058,16.73,Tornesch,1.02,334.6,20.4,2.0,10.0,17.69,30.3,57.3
JNJMED_567,Tornesch,53.732274225381175,9.72960602904542,17.21,Tornesch,3.31,344.2,66.2,6.6,14.6,17.69,30.3,61.9
JNJMED_568,Tornesch,53.69511686729419,9.74492261504865,15.58,Tornesch,2.29,311.6,45.8,4.6,12.6,17.69,30.3,59.9
JNJMED_569,Uetersen,53.706789409778494,9.63117176554589,23.15,Uetersen,3.11,463.0,62.2,6.2,14.2,20.99,36.0,67.2
JNJMED_570,Uetersen,53.694948001397,9.689035182269324,19.27,Tornesch,1.92,385.4,38.4,3.8,11.8,17.69,30.3,59.1
JNJMED_571,Uetersen,53.6770487299328,9.709271204399348,17.99,Tornesch,3.02,359.8,60.4,6.0,14.0,17.69,30.3,61.3
JNJMED_572,Uetersen,53.67999888825935,9.671767293604146,20.44,Uetersen,0.9,408.8,18.0,1.8,18.0,20.99,36.0,71.0
JNJMED_573,Uetersen,53.67953856351432,9.668467371427443,20.66,Uetersen,0.82,413.2,16.4,1.6,16.4,20.99,36.0,69.4
JNJMED_574,Uetersen,53.661074498262096,9.624798473522173,23.74,Uetersen,3.77,474.8,75.4,7.5,15.5,20.99,36.0,68.5
JNJMED_575,Uetersen,53.7148901012645,9.642591159550449,22.48,Uetersen,3.47,449.6,69.4,6.9,14.9,20.99,36.0,67.9
JNJMED_576,Uetersen,53.66317215301088,9.603398296591887,25.11,Uetersen,4.7,502.2,94.0,9.4,17.4,20.99,36.0,70.4
JNJMED_577,Uetersen,53.67022076504621,9.628307306197774,23.39,Uetersen,2.9,467.8,58.0,5.8,13.8,20.99,36.0,66.8
JNJMED_578,Uetersen,53.715840303202725,9.698294512680278,18.85,Tornesch,1.66,377.0,33.2,3.3,11.3,17.69,30.3,58.6
JNJMED_579,Uetersen,53.66923699309645,9.735573074160328,16.37,Tornesch,4.14,327.4,82.8,8.3,16.3,17.69,30.3,63.6
JNJMED_580,Uetersen,53.70263530973983,9.65825505849474,21.33,Uetersen,1.86,426.6,37.2,3.7,11.7,20.99,36.0,64.7
JNJMED_581,Uetersen,53.63301188570253,9.736728277177722,17.35,Pinneberg,4.68,347.0,93.6,9.4,17.4,12.76,21.9,56.3
JNJMED_582,Uetersen,53.65520855066472,9.618638037591293,24.25,Uetersen,4.53,485.0,90.6,9.1,17.1,20.99,36.0,70.1
JNJMED_583,Farmsen,53.62705140864019,10.191592572190178,15.64,Volksdorf,3.36,312.8,67.2,6.7,14.7,12.86,22.0,53.7
JNJMED_584,Farmsen,53.63428545637021,10.13531727360157,12.0,Berne,1.0,240.0,20.0,2.0,20.0,12.73,21.8,58.8
JNJMED_585,Farmsen,53.618495086833306,10.144002466763409,13.46,Berne,0.85,269.2,17.0,1.7,17.0,12.73,21.8,55.8
JNJMED_586,Farmsen,53.62177857179574,10.12683574271908,12.34,Berne,0.89,246.8,17.8,1.8,17.8,12.73,21.8,56.6
JNJMED_587,Farmsen,53.60868402207904,10.116522206163014,12.81,Farmsen,0.26,256.2,5.2,0.5,5.2,13.06,22.4,44.599999999999994
JNJMED_588,Farmsen,53.59152070822267,10.109979747693997,13.97,Farmsen,1.77,279.4,35.4,3.5,11.5,13.06,22.4,50.9
JNJMED_589,Farmsen,53.57274086371609,10.115449811196155,15.87,Wandsbek Markt,3.17,317.4,63.4,6.3,14.3,14.56,25.0,56.3
JNJMED_590,Farmsen,53.58682817785698,10.085292320483529,13.48,Wandsbek-Gartenstadt,0.9,269.6,18.0,1.8,18.0,12.61,21.6,56.6
JNJMED_591,Farmsen,53.61019788302307,10.160160068590338,14.87,Rahlstedt,0.76,297.4,15.2,1.5,15.2,14.99,25.7,57.9
JNJMED_592,Farmsen,53.624966332120046,10.071284981891305,9.46,Kornweg (Klein Borstel),1.4,189.2,28.0,2.8,10.8,8.11,13.9,41.7
JNJMED_593,Volksdorf,53.6327074372686,10.192423135639643,15.42,Volksdorf,2.89,308.4,57.8,5.8,13.8,12.86,22.0,52.8
JNJMED_594,Volksdorf,53.63285025212924,10.157461005500087,13.35,Berne,1.48,267.0,29.6,3.0,11.0,12.73,21.8,49.8
JNJMED_595,Volksdorf,53.663501041980496,10.13514966635409,10.65,Buckhorn,1.35,213.0,27.0,2.7,10.7,11.91,20.4,48.099999999999994
JNJMED_596,Volksdorf,53.65460751012292,10.124179235152454,10.3,Buckhorn,2.36,206.0,47.2,4.7,12.7,11.91,20.4,50.099999999999994
JNJMED_597,Volksdorf,53.64047264712098,10.173793458024276,13.94,Volksdorf,1.48,278.8,29.6,3.0,11.0,12.86,22.0,50.0
JNJMED_598,Volksdorf,53.62064012532937,10.177414242138813,15.17,Rahlstedt,2.37,303.4,47.4,4.7,12.7,14.99,25.7,55.4
JNJMED_599,Volksdorf,53.65210724402147,10.180774698632511,13.91,Volksdorf,1.1,278.2,22.0,2.2,10.2,12.86,22.0,49.2
JNJMED_600,Volksdorf,53.656978282681294,10.205124212899214,15.31,Volksdorf,2.75,306.2,55.0,5.5,13.5,12.86,22.0,52.5
JNJMED_601,Volksdorf,53.65500449005296,10.151317833766242,11.96,Volksdorf,0.9,239.2,18.0,1.8,18.0,12.86,22.0,57.0
JNJMED_602,Volksdorf,53.65494595006065,10.180498940871091,13.8,Volksdorf,1.11,276.0,22.2,2.2,10.2,12.86,22.0,49.2
JNJMED_603,Berne,53.62647720140652,10.140017750736115,12.73,Berne,0.14,254.6,2.8,0.3,2.8,12.73,21.8,41.6
JNJMED_604,Berne,53.611460166243866,10.11891297247347,12.71,Farmsen,0.54,254.2,10.8,1.1,10.8,13.06,22.4,50.2
JNJMED_605,Berne,53.597447894564006,10.191287302295608,17.37,Rahlstedt,2.56,347.4,51.2,5.1,13.1,14.99,25.7,55.8
JNJMED_606,Berne,53.60062273529218,10.118012844066122,13.53,Farmsen,0.67,270.6,13.4,1.3,13.4,13.06,22.4,52.8
JNJMED_607,Berne,53.611131854688615,10.165647731308333,15.1,Rahlstedt,1.06,302.0,21.2,2.1,10.1,14.99,25.7,52.8
JNJMED_608,Berne,53.61960100643416,10.176232262180212,15.16,Rahlstedt,2.23,303.2,44.6,4.5,12.5,14.99,25.7,55.2
JNJMED_609,Berne,53.61203018751512,10.147169824866712,14.07,Rahlstedt,0.98,281.4,19.6,2.0,19.6,14.99,25.7,62.3
JNJMED_610,Berne,53.60879305893481,10.203154473833202,17.31,Rahlstedt,3.27,346.2,65.4,6.5,14.5,14.99,25.7,57.2
JNJMED_611,Berne,53.601748031619415,10.14809462130681,14.86,Rahlstedt,0.5,297.2,10.0,1.0,10.0,14.99,25.7,52.7
JNJMED_612,Berne,53.63817553761864,10.151213972923545,12.7,Berne,1.63,254.0,32.6,3.3,11.3,12.73,21.8,50.1
JNJMED_613,Rahlstedt,53.600594246822446,10.150505379007996,15.06,Rahlstedt,0.49,301.2,9.8,1.0,9.8,14.99,25.7,52.5
JNJMED_614,Rahlstedt,53.60517622943959,10.149989939951146,14.7,Rahlstedt,0.31,294.0,6.2,0.6,6.2,14.99,25.7,48.9
JNJMED_615,Rahlstedt,53.6235775823359,10.220715690047742,17.54,Rahlstedt,4.89,350.8,97.8,9.8,17.8,14.99,25.7,60.5
JNJMED_616,Rahlstedt,53.59315016429984,10.11330591061263,13.96,Farmsen,1.53,279.2,30.6,3.1,11.1,13.06,22.4,50.5
JNJMED_617,Rahlstedt,53.60253435903298,10.231791280129633,19.29,Rahlstedt,5.13,385.8,102.6,10.3,18.3,14.99,25.7,61.0
JNJMED_618,Rahlstedt,53.58822650864061,10.203573504163325,18.64,Rahlstedt,3.71,372.8,74.2,7.4,15.4,14.99,25.7,58.1
JNJMED_619,Rahlstedt,53.63785401628153,10.13779235274876,11.94,Berne,1.38,238.8,27.6,2.8,10.8,12.73,21.8,49.6
JNJMED_620,Rahlstedt,53.615679661583705,10.203251898693855,16.92,Rahlstedt,3.47,338.4,69.4,6.9,14.9,14.99,25.7,57.6
JNJMED_621,Rahlstedt,53.59671744518025,10.14829258919693,15.24,Rahlstedt,0.94,304.8,18.8,1.9,18.8,14.99,25.7,61.5
JNJMED_622,Rahlstedt,53.59266638172103,10.123957298079215,14.45,Farmsen,1.59,289.0,31.8,3.2,11.2,13.06,22.4,50.599999999999994
JNJMED_623,Bahrenfeld,53.55561444909869,9.867081791997132,16.81,Bahrenfeld,2.83,336.2,56.6,5.7,13.7,14.51,24.9,55.599999999999994
JNJMED_624,Bahrenfeld,53.56928166936519,9.88070080306824,15.04,Bahrenfeld,1.53,300.8,30.6,3.1,11.1,14.51,24.9,53.0
JNJMED_625,Bahrenfeld,53.57327571823582,9.857123130613893,15.41,Schenefeld,3.01,308.2,60.2,6.0,14.0,13.29,22.8,53.8
JNJMED_626,Bahrenfeld,53.57521760464429,9.928805868848269,13.3,Lutterothstraße,1.46,266.0,29.2,2.9,10.9,12.29,21.1,49.0
JNJMED_627,Bahrenfeld,53.528725287148575,9.915021697095428,18.54,Altona,2.91,370.8,58.2,5.8,13.8,15.73,27.0,57.8
JNJMED_628,Bahrenfeld,53.59315337984947,9.867510769439264,13.18,Schenefeld,1.39,263.6,27.8,2.8,10.8,13.29,22.8,50.6
JNJMED_629,Bahrenfeld,53.60205144773676,9.916370570280982,10.74,Stellingen,1.38,214.8,27.6,2.8,10.8,11.94,20.5,48.3
JNJMED_630,Bahrenfeld,53.55449976288484,9.902126927670269,16.02,Bahrenfeld,1.57,320.4,31.4,3.1,11.1,14.51,24.9,53.0
JNJMED_631,Bahrenfeld,53.57976653825044,9.906080161742372,13.29,Bahrenfeld,1.25,265.8,25.0,2.5,10.5,14.51,24.9,52.4
JNJMED_632,Bahrenfeld,53.57937511984893,9.87617979220762,14.19,Bahrenfeld,2.19,283.8,43.8,4.4,12.4,14.51,24.9,54.3
JNJMED_633,Blankenese,53.562687216480725,9.77328856509285,19.78,Blankenese,2.84,395.6,56.8,5.7,13.7,18.25,31.3,62.0
JNJMED_634,Blankenese,53.55707547877303,9.788582770756056,19.56,Blankenese,1.81,391.2,36.2,3.6,11.6,18.25,31.3,59.9
JNJMED_635,Blankenese,53.54458940114821,9.852782795256314,18.33,Blankenese,2.95,366.6,59.0,5.9,13.9,18.25,31.3,62.2
JNJMED_636,Blankenese,53.58112620241189,9.833974143627216,15.58,Schenefeld,2.35,311.6,47.0,4.7,12.7,13.29,22.8,52.5
JNJMED_637,Blankenese,53.53745374470655,9.806207746509155,20.59,Blankenese,2.51,411.8,50.2,5.0,13.0,18.25,31.3,61.3
JNJMED_638,Blankenese,53.58356195399959,9.819951507409195,15.97,Schenefeld,2.7,319.4,54.0,5.4,13.4,13.29,22.8,53.2
JNJMED_639,Blankenese,53.60568659079964,9.82749953518183,13.86,Schenefeld,1.62,277.2,32.4,3.2,11.2,13.29,22.8,51.0
JNJMED_640,Blankenese,53.5631409823298,9.806426506073924,18.29,Blankenese,0.75,365.8,15.0,1.5,15.0,18.25,31.3,63.3
JNJMED_641,Blankenese,53.561970818095645,9.811125904908584,18.19,Blankenese,0.42,363.8,8.4,0.8,8.4,18.25,31.3,56.7
JNJMED_642,Blankenese,53.57346217353377,9.844401069503837,15.86,Blankenese,2.47,317.2,49.4,4.9,12.9,18.25,31.3,61.2
JNJMED_643,Fuhlsbüttel,53.61668021078984,9.986063011393266,8.25,U Lattenkamp,1.98,165.0,39.6,4.0,12.0,10.17,17.4,46.4
JNJMED_644,Fuhlsbüttel,53.59567589253793,10.041239739807375,11.31,Habichtstraße,0.76,226.2,15.2,1.5,15.2,11.8,20.2,52.4
JNJMED_645,Fuhlsbüttel,53.61033266787652,9.961413282211426,9.03,Lokstedt,1.0,180.6,20.0,2.0,20.0,10.03,17.2,54.2
JNJMED_646,Fuhlsbüttel,53.640171572090615,10.100789985522985,9.73,Poppenbüttel,1.82,194.6,36.4,3.6,11.6,8.14,14.0,42.6
JNJMED_647,Fuhlsbüttel,53.6322785817692,10.05115472323355,8.0,Kornweg (Klein Borstel),0.22,160.0,4.4,0.4,4.4,8.11,13.9,35.3
JNJMED_648,Fuhlsbüttel,53.63403658717095,10.023033310404266,6.9,U Fuhlsbüttel,0.27,138.0,5.4,0.5,5.4,7.15,12.3,34.7
JNJMED_649,Fuhlsbüttel,53.65078152965975,10.01729176367434,5.06,Langenhorn Markt,0.23,101.2,4.6,0.5,4.6,5.26,9.0,30.6
JNJMED_650,Fuhlsbüttel,53.63774784628144,10.03565093418588,6.93,U Fuhlsbüttel,0.87,138.6,17.4,1.7,17.4,7.15,12.3,46.7
JNJMED_651,Fuhlsbüttel,53.619038190927135,10.055761270486096,9.4,Klein Borstel,1.28,188.0,25.6,2.6,10.6,8.65,14.8,42.4
JNJMED_652,Fuhlsbüttel,53.62890080486609,10.003327645215215,7.04,Airport (Flughafen),0.47,140.8,9.4,0.9,9.4,6.69,11.5,37.9
JNJMED_653,Alsterdorf,53.617930196871406,9.985445960546269,8.11,U Lattenkamp,2.12,162.2,42.4,4.2,12.2,10.17,17.4,46.599999999999994
JNJMED_654,Alsterdorf,53.607763623147385,10.012126430100674,9.46,U Alsterdorf,0.07,189.2,1.4,0.1,1.4,9.53,16.3,34.7
JNJMED_655,Alsterdorf,53.62891791131663,10.026640946986396,7.52,U Fuhlsbüttel,0.39,150.4,7.8,0.8,7.8,7.15,12.3,37.1
JNJMED_656,Alsterdorf,53.6066994608251,10.036932988976009,10.06,Klein Borstel,1.53,201.2,30.6,3.1,11.1,8.65,14.8,42.9
JNJMED_657,Alsterdorf,53.63500415098034,10.029134309190557,6.98,U Fuhlsbüttel,0.36,139.6,7.2,0.7,7.2,7.15,12.3,36.5
JNJMED_658,Alsterdorf,53.60740705239687,9.973044913029495,9.28,Lokstedt,1.14,185.6,22.8,2.3,10.3,10.03,17.2,44.5
JNJMED_659,Alsterdorf,53.585897726738494,10.00324325886936,11.76,U Kellinghusenstraße,0.83,235.2,16.6,1.7,16.6,11.38,19.5,53.1
JNJMED_660,Alsterdorf,53.595009755956816,10.006790860910437,10.79,Winterhude / Hudtwalckerstraße,0.55,215.8,11.0,1.1,11.0,10.9,18.7,46.7
JNJMED_661,Alsterdorf,53.60833299849794,10.028290782630702,9.69,U Alsterdorf,1.06,193.8,21.2,2.1,10.1,9.53,16.3,43.4
JNJMED_662,Alsterdorf,53.60579002443882,10.026995049314786,9.94,U Alsterdorf,0.98,198.8,19.6,2.0,19.6,9.53,16.3,52.900000000000006
JNJMED_663,Klein Borstel,53.6216894882962,9.977236003009384,7.68,Niendorf Markt,1.74,153.6,34.8,3.5,11.5,8.28,14.2,42.7
JNJMED_664,Klein Borstel,53.60161329212362,10.032177373328352,10.49,Winterhude / Hudtwalckerstraße,1.36,209.8,27.2,2.7,10.7,10.9,18.7,46.4
JNJMED_665,Klein Borstel,53.596206105143175,10.054497861899886,11.6,Habichtstraße,0.32,232.0,6.4,0.6,6.4,11.8,20.2,43.6
JNJMED_666,Klein Borstel,53.65101501664687,10.07306285555092,7.54,Poppenbüttel,1.05,150.8,21.0,2.1,10.1,8.14,14.0,41.1
JNJMED_667,Klein Borstel,53.6161311425814,10.081221784105498,10.64,Kornweg (Klein Borstel),2.54,212.8,50.8,5.1,13.1,8.11,13.9,44.0
JNJMED_668,Klein Borstel,53.62337334914404,10.02638742086646,8.08,Ohlsdorf,0.44,161.6,8.8,0.9,8.8,8.49,14.6,40.4
JNJMED_669,Klein Borstel,53.60813194672918,10.027425909405355,9.7,U Alsterdorf,1.0,194.0,20.0,2.0,20.0,9.53,16.3,53.3
JNJMED_670,Klein Borstel,53.61263646362917,10.041612486671266,9.58,Klein Borstel,0.93,191.6,18.6,1.9,18.6,8.65,14.8,50.400000000000006
JNJMED_671,Klein Borstel,53.62361147962099,10.036591380604603,8.33,Klein Borstel,0.36,166.6,7.2,0.7,7.2,8.65,14.8,39.0
JNJMED_672,Klein Borstel,53.62913876339493,10.07221938824359,9.15,Kornweg (Klein Borstel),1.23,183.0,24.6,2.5,10.5,8.11,13.9,41.4
JNJMED_673,Kiwittsmoor,53.69409108270883,9.971353060946504,0.72,Garstedt,1.65,14.4,33.0,3.3,11.3,0.94,1.6,14.4
JNJMED_674,Kiwittsmoor,53.62402157730196,10.04392959733718,8.52,Klein Borstel,0.64,170.4,12.8,1.3,12.8,8.65,14.8,44.6
JNJMED_675,Kiwittsmoor,53.64776242603169,10.00915703794322,5.14,Langenhorn Markt,0.53,102.8,10.6,1.1,10.6,5.26,9.0,36.6
JNJMED_676,Kiwittsmoor,53.65169773947881,9.9618405868726,4.51,Airport (Flughafen),3.66,90.2,73.2,7.3,15.3,6.69,11.5,43.8
JNJMED_677,Kiwittsmoor,53.685929254564094,10.03867465480908,3.87,Kiwittsmoor,1.93,77.4,38.6,3.9,11.9,2.9,5.0,33.9
JNJMED_678,Kiwittsmoor,53.663569791985466,9.938168731235653,4.12,Garstedt,4.19,82.4,83.8,8.4,16.4,0.94,1.6,35.0
JNJMED_679,Kiwittsmoor,53.66417511103495,10.027654120162076,4.29,Langenhorn Nord,0.73,85.8,14.6,1.5,14.6,4.03,6.9,38.5
JNJMED_680,Kiwittsmoor,53.64552176862452,10.021400797593374,5.71,Langenhorn Markt,0.46,114.2,9.2,0.9,9.2,5.26,9.0,35.2
JNJMED_681,Kiwittsmoor,53.67479380301654,10.033278744988031,3.91,Kiwittsmoor,1.15,78.2,23.0,2.3,10.3,2.9,5.0,32.3
JNJMED_682,Kiwittsmoor,53.67749160736828,9.986707931773552,1.52,Garstedt,0.84,30.4,16.8,1.7,16.8,0.94,1.6,35.400000000000006
JNJMED_683,Hoheluft,53.602231430033285,9.971444112809191,9.87,Lokstedt,0.83,197.4,16.6,1.7,16.6,10.03,17.2,50.8
JNJMED_684,Hoheluft,53.5777539092098,9.948201961227804,12.75,Eimsbüttel / Osterstraße,0.24,255.0,4.8,0.5,4.8,12.86,22.0,43.8
JNJMED_685,Hoheluft,53.56943435497617,9.949655918579191,13.65,Eimsbüttel / Osterstraße,0.79,273.0,15.8,1.6,15.8,12.86,22.0,54.8
JNJMED_686,Hoheluft,53.57484107880153,10.02755125440427,13.26,U Mundsburg,0.54,265.2,10.8,1.1,10.8,13.79,23.6,51.400000000000006
JNJMED_687,Hoheluft,53.55086197714137,9.927793158063698,15.95,Altona,0.49,319.0,9.8,1.0,9.8,15.73,27.0,53.8
JNJMED_688,Hoheluft,53.60772340654987,9.969920289685444,9.26,Lokstedt,1.0,185.2,20.0,2.0,20.0,10.03,17.2,54.2
JNJMED_689,Hoheluft,53.5649185452268,10.007397140621883,14.11,U Uhlandstraße,1.14,282.2,22.8,2.3,10.3,14.2,24.3,51.6
JNJMED_690,Hoheluft,53.56618768920527,10.030980291406408,14.25,U Wartenau,0.34,285.0,6.8,0.7,6.8,14.57,25.0,48.8
JNJMED_691,Hoheluft,53.59185851742679,9.961562657755628,11.07,Lokstedt,1.09,221.4,21.8,2.2,10.2,10.03,17.2,44.4
JNJMED_692,Hoheluft,53.62144616426531,9.9580285523099,7.85,Niendorf Markt,0.56,157.0,11.2,1.1,11.2,8.28,14.2,42.4
JNJMED_693,Harvestehude,53.59714190744018,9.996378777412191,10.47,U Lattenkamp,0.3,209.4,6.0,0.6,6.0,10.17,17.4,40.4
JNJMED_694,Harvestehude,53.60833482578797,10.034245335901804,9.83,Klein Borstel,1.35,196.6,27.0,2.7,10.7,8.65,14.8,42.5
JNJMED_695,Harvestehude,53.58294008298131,9.964797463889614,12.04,U Hoheluftbrücke,0.91,240.8,18.2,1.8,18.2,12.51,21.4,56.599999999999994
JNJMED_696,Harvestehude,53.591499442858776,9.967068538907435,11.08,Lokstedt,1.23,221.6,24.6,2.5,10.5,10.03,17.2,44.7
JNJMED_697,Harvestehude,53.62256774495053,9.991496059932482,7.62,Airport (Flughafen),1.51,152.4,30.2,3.0,11.0,6.69,11.5,39.5
JNJMED_698,Harvestehude,53.57499356897375,9.992940409175947,12.9,U Klosterstern,0.89,258.0,17.8,1.8,17.8,12.08,20.7,55.5
JNJMED_699,Harvestehude,53.5553574742094,9.95825157884468,15.14,U S Sternschanze,1.1,302.8,22.0,2.2,10.2,14.12,24.2,51.4
JNJMED_700,Harvestehude,53.606308278158885,9.967693171630858,9.43,Lokstedt,0.79,188.6,15.8,1.6,15.8,10.03,17.2,50.0
JNJMED_701,Harvestehude,53.56136178034636,10.003499582575818,14.47,Dammtor,0.9,289.4,18.0,1.8,18.0,14.47,24.8,59.8
JNJMED_702,Harvestehude,53.60601408309326,10.008968599319951,9.61,U Alsterdorf,0.26,192.2,5.2,0.5,5.2,9.53,16.3,38.5
JNJMED_703,Sternschanze,53.58402095371612,9.943296147342917,12.13,Lutterothstraße,0.36,242.6,7.2,0.7,7.2,12.29,21.1,45.3
JNJMED_704,Sternschanze,53.53566378666517,10.011040009558664,17.37,U Überseequartier,1.07,347.4,21.4,2.1,10.1,16.74,28.7,55.8
JNJMED_705,Sternschanze,53.55764640322316,9.958475009506348,14.88,U S Sternschanze,0.88,297.6,17.6,1.8,17.6,14.12,24.2,58.8
JNJMED_706,Sternschanze,53.590663882836985,9.98268690028202,11.13,U Kellinghusenstraße,0.63,222.6,12.6,1.3,12.6,11.38,19.5,49.1
JNJMED_707,Sternschanze,53.57321775544163,10.030950070347032,13.49,U Mundsburg,0.44,269.8,8.8,0.9,8.8,13.79,23.6,49.400000000000006
JNJMED_708,Sternschanze,53.5512296353924,9.993835203842435,15.55,Jungfernstieg,0.3,311.0,6.0,0.6,6.0,15.26,26.2,49.2
JNJMED_709,Sternschanze,53.56524026249794,9.974057768365896,13.97,U S Sternschanze,0.55,279.4,11.0,1.1,11.0,14.12,24.2,52.2
JNJMED_710,Sternschanze,53.59466936852825,9.981235072688689,10.69,U Kellinghusenstraße,0.96,213.8,19.2,1.9,19.2,11.38,19.5,55.7
JNJMED_711,Sternschanze,53.574865921580994,9.998175220119291,12.94,U Klosterstern,1.09,258.8,21.8,2.2,10.2,12.08,20.7,47.9
JNJMED_712,St. Pauli,53.53910094540914,9.94492370997983,17.04,Altona,1.58,340.8,31.6,3.2,11.2,15.73,27.0,55.2
JNJMED_713,St. Pauli,53.52550381611958,9.91110930231872,18.95,Altona,3.35,379.0,67.0,6.7,14.7,15.73,27.0,58.7
JNJMED_714,St. Pauli,53.5875241425988,9.93700374902835,11.84,U Hagenbecks Tierpark,0.79,236.8,15.8,1.6,15.8,11.09,19.0,51.8
JNJMED_715,St. Pauli,53.54197492752828,9.961795601003333,16.6,U S Landungsbrücken,0.74,332.0,14.8,1.5,14.8,16.07,27.5,59.3
JNJMED_716,St. Pauli,53.55254813395618,9.99457211637618,15.4,Jungfernstieg,0.2,308.0,4.0,0.4,4.0,15.26,26.2,47.2
JNJMED_717,St. Pauli,53.5636094697672,9.952607676842932,14.27,U S Sternschanze,0.89,285.4,17.8,1.8,17.8,14.12,24.2,59.0
JNJMED_718,St. Pauli,53.54305756572427,9.97857739851465,16.43,U Baumwall,0.15,328.6,3.0,0.3,3.0,16.32,28.0,48.0
JNJMED_719,St. Pauli,53.541426177476325,10.0183203672806,16.8,U Meßberg,1.28,336.0,25.6,2.6,10.6,16.02,27.5,55.1
JNJMED_720,St. Pauli,53.55621949903277,9.992146333581497,14.99,Jungfernstieg,0.27,299.8,5.4,0.5,5.4,15.26,26.2,48.6
JNJMED_721,Hamm,53.56885762537335,10.08970421572456,15.36,Wandsbek Markt,1.47,307.2,29.4,2.9,10.9,14.56,25.0,52.9
JNJMED_722,Hamm,53.55922043117408,10.015595041561326,14.82,U Lohmühlenstraße,0.37,296.4,7.4,0.7,7.4,15.12,25.9,50.3
JNJMED_723,Hamm,53.56359375903505,10.034959293186246,14.6,U Wartenau,0.08,292.0,1.6,0.2,1.6,14.57,25.0,43.6
JNJMED_724,Hamm,53.545027666365,10.072090920562651,17.31,U Rauhes Haus,1.1,346.2,22.0,2.2,10.2,16.21,27.8,55.0
JNJMED_725,Hamm,53.58036566142867,10.055138147302085,13.23,Barmbek,1.13,264.6,22.6,2.3,10.3,12.18,20.9,48.2
JNJMED_726,Hamm,53.56177666025198,10.105566448339058,16.56,U Legienstraße,1.82,331.2,36.4,3.6,11.6,17.87,30.6,59.2
JNJMED_727,Hamm,53.56041506358977,10.132550493425413,17.64,U Steinfurther Allee,2.2,352.8,44.0,4.4,12.4,19.7,33.8,63.199999999999996
JNJMED_728,Hamm,53.56691019291263,10.001677117225327,13.85,Dammtor,1.04,277.0,20.8,2.1,10.1,14.47,24.8,51.9
JNJMED_729,Hamm,53.57066683242209,10.065934751546484,14.5,Wandsbek Markt,0.12,290.0,2.4,0.2,2.4,14.56,25.0,44.4
JNJMED_730,Horn,53.57989505508165,10.0854954405381,14.15,Wandsbek-Gartenstadt,1.54,283.0,30.8,3.1,11.1,12.61,21.6,49.7
JNJMED_731,Horn,53.55133088032032,10.02857105291132,15.83,Berliner Tor,0.42,316.6,8.4,0.8,8.4,15.8,27.1,52.5
JNJMED_732,Horn,53.54991953485428,10.039784386373722,16.15,Berliner Tor,0.44,323.0,8.8,0.9,8.8,15.8,27.1,52.900000000000006
JNJMED_733,Horn,53.5424895310039,10.08295735213262,17.83,U Legienstraße,1.06,356.6,21.2,2.1,10.1,17.87,30.6,57.7
JNJMED_734,Horn,53.587498090087024,10.07714014589469,13.14,Wandsbek-Gartenstadt,0.56,262.8,11.2,1.1,11.2,12.61,21.6,49.8
JNJMED_735,Horn,53.530182338759296,10.078638080046606,19.01,U Legienstraße,2.17,380.2,43.4,4.3,12.3,17.87,30.6,59.900000000000006
JNJMED_736,Horn,53.57803262973291,10.04700651287042,13.29,Barmbek,1.13,265.8,22.6,2.3,10.3,12.18,20.9,48.2
JNJMED_737,Horn,53.55141965666654,10.065740645841876,16.49,U Rauhes Haus,0.29,329.8,5.8,0.6,5.8,16.21,27.8,50.6
JNJMED_738,Horn,53.53840203373835,10.084748413015316,18.3,U Legienstraße,1.21,366.0,24.2,2.4,10.4,17.87,30.6,58.0
JNJMED_739,Billstedt,53.53938103702784,10.119785973317212,19.2,U Merkenstraße,0.54,384.0,10.8,1.1,10.8,19.51,33.4,61.2
JNJMED_740,Billstedt,53.52405015644396,10.094076250990298,20.01,Billstedt,2.16,400.2,43.2,4.3,12.3,18.57,31.8,61.1
JNJMED_741,Billstedt,53.55624762715656,10.096015005437248,16.8,U Legienstraße,1.14,336.0,22.8,2.3,10.3,17.87,30.6,57.900000000000006
JNJMED_742,Billstedt,53.57633927702467,10.095210914431563,14.82,Wandsbek Markt,1.93,296.4,38.6,3.9,11.9,14.56,25.0,53.9
JNJMED_743,Billstedt,53.54629369451504,10.135177724956192,19.05,U Steinfurther Allee,0.65,381.0,13.0,1.3,13.0,19.7,33.8,63.8
JNJMED_744,Billstedt,53.51343268534134,10.054375735640578,20.32,Berliner Tor,4.53,406.4,90.6,9.1,17.1,15.8,27.1,61.2
JNJMED_745,Billstedt,53.5112868737086,10.145077523102817,22.74,U Mümmelmannsberg,1.77,454.8,35.4,3.5,11.5,21.39,36.7,65.2
JNJMED_746,Billstedt,53.53076283708215,10.183945978570048,22.32,U Mümmelmannsberg,2.3,446.4,46.0,4.6,12.6,21.39,36.7,66.30000000000001
JNJMED_747,Billstedt,53.53051504802686,10.112736539095913,19.86,Billstedt,1.31,397.2,26.2,2.6,10.6,18.57,31.8,59.4
JNJMED_748,Mümmelmannsberg,53.55784219905136,10.209982786644774,21.19,U Steinfurther Allee,5.03,423.8,100.6,10.1,18.1,19.7,33.8,68.9
JNJMED_749,Mümmelmannsberg,53.56823007153273,10.186050986917795,19.25,U Steinfurther Allee,4.32,385.0,86.4,8.6,16.6,19.7,33.8,67.4
JNJMED_750,Mümmelmannsberg,53.54748125051623,10.167575808476036,20.18,U Steinfurther Allee,1.99,403.6,39.8,4.0,12.0,19.7,33.8,62.8
JNJMED_751,Mümmelmannsberg,53.542567221523335,10.133264428510143,19.34,U Steinfurther Allee,0.44,386.8,8.8,0.9,8.8,19.7,33.8,59.599999999999994
JNJMED_752,Mümmelmannsberg,53.51063602233155,10.149698766277671,22.96,U Mümmelmannsberg,1.82,459.2,36.4,3.6,11.6,21.39,36.7,65.30000000000001
JNJMED_753,Mümmelmannsberg,53.523596307549504,10.136203158520182,21.26,U Mümmelmannsberg,0.98,425.2,19.6,2.0,19.6,21.39,36.7,73.30000000000001
JNJMED_754,Mümmelmannsberg,53.54092774894914,10.178459156257116,21.2,U Mümmelmannsberg,2.45,424.0,49.0,4.9,12.9,21.39,36.7,66.6
JNJMED_755,Mümmelmannsberg,53.52876813772584,10.194125902431658,22.9,U Mümmelmannsberg,2.95,458.0,59.0,5.9,13.9,21.39,36.7,67.6
JNJMED_756,Mümmelmannsberg,53.50416621771733,10.14399021622161,23.41,U Mümmelmannsberg,2.57,468.2,51.4,5.1,13.1,21.39,36.7,66.80000000000001
JNJMED_757,Eidelstedt,53.56776355358794,9.891603901487809,14.9,Bahrenfeld,0.81,298.0,16.2,1.6,16.2,14.51,24.9,58.099999999999994
JNJMED_758,Eidelstedt,53.58044638628314,9.9439475747485,12.51,Lutterothstraße,0.3,250.2,6.0,0.6,6.0,12.29,21.1,44.1
JNJMED_759,Eidelstedt,53.61236899486484,9.966524350536645,8.77,Niendorf Markt,1.19,175.4,23.8,2.4,10.4,8.28,14.2,41.6
JNJMED_760,Eidelstedt,53.561616263513415,10.003222776990023,14.44,Dammtor,0.89,288.8,17.8,1.8,17.8,14.47,24.8,59.6
JNJMED_761,Eidelstedt,53.6065206739105,9.965062931104056,9.43,Lokstedt,0.69,188.6,13.8,1.4,13.8,10.03,17.2,48.0
JNJMED_762,Eidelstedt,53.577570318023,9.918816822898297,13.24,Stellingen,1.36,264.8,27.2,2.7,10.7,11.94,20.5,48.2
JNJMED_763,Eidelstedt,53.57465586447858,9.980262458591126,12.92,U Hoheluftbrücke,0.49,258.4,9.8,1.0,9.8,12.51,21.4,48.2
JNJMED_764,Eidelstedt,53.61979172611869,9.993897305848163,7.94,Airport (Flughafen),1.66,158.8,33.2,3.3,11.3,6.69,11.5,39.8
JNJMED_765,Eidelstedt,53.57232301156427,9.91401147700133,13.89,Bahrenfeld,0.79,277.8,15.8,1.6,15.8,14.51,24.9,57.7
JNJMED_766,Hagenbeck,53.596317724938224,9.890446819033114,12.08,Stellingen,2.04,241.6,40.8,4.1,12.1,11.94,20.5,49.6
JNJMED_767,Hagenbeck,53.599963354283695,9.93907192241104,10.47,U Hagenbecks Tierpark,0.78,209.4,15.6,1.6,15.6,11.09,19.0,51.6
JNJMED_768,Hagenbeck,53.58417926996263,9.895658907981996,13.12,Stellingen,1.69,262.4,33.8,3.4,11.4,11.94,20.5,48.9
JNJMED_769,Hagenbeck,53.60377200213139,9.927518974810145,10.29,U Hagenbecks Tierpark,1.56,205.8,31.2,3.1,11.1,11.09,19.0,47.1
JNJMED_770,Hagenbeck,53.57010166328579,9.85733213360155,15.71,Blankenese,3.01,314.2,60.2,6.0,14.0,18.25,31.3,62.3
JNJMED_771,Hagenbeck,53.59294970189899,9.996667547900092,10.93,U Kellinghusenstraße,0.59,218.6,11.8,1.2,11.8,11.38,19.5,48.3
JNJMED_772,Hagenbeck,53.62672518429096,9.929787112302412,7.87,Niendorf Markt,1.72,157.4,34.4,3.4,11.4,8.28,14.2,42.6
JNJMED_773,Hagenbeck,53.58145575879277,9.95756322768225,12.25,Lutterothstraße,0.66,245.0,13.2,1.3,13.2,12.29,21.1,51.3
JNJMED_774,Hagenbeck,53.57353229121623,9.952553756994584,13.17,Eimsbüttel / Osterstraße,0.34,263.4,6.8,0.7,6.8,12.86,22.0,45.8
